type,name,module,path,hash
"csv","agent-manifest","_cfg","bmad/_cfg/agent-manifest.csv","2db6ac33be4c523cee7798096a9cc1009ae6712de3be71cb87c227d0c2529b1f"
"csv","task-manifest","_cfg","bmad/_cfg/task-manifest.csv","7fccf1cdffa6d592342f9edd9e13c042fffea2dbcbb79b043fbd69a7e610c875"
"csv","workflow-manifest","_cfg","bmad/_cfg/workflow-manifest.csv","a8c4ac631f1341a212164082122f2a676b1c9fcb8a59c1044191cf06e6488a1d"
"yaml","manifest","_cfg","bmad/_cfg/manifest.yaml","4e824b8c0067c3de089f306ab07648dce4a2232864dc33d996c553b994923965"
"csv","common-workflow-tools","bmb","bmad/bmb/docs/workflows/common-workflow-tools.csv","7f5bd0fc9e8d92f12c1d304a72d1f3925efc7d36ab6da0b5eda2f43608546081"
"csv","communication-presets","bmb","bmad/bmb/workflows/create-agent/data/communication-presets.csv","1d40b718418c672b19700516f03479dce199fb3646ff26250536e42113a91224"
"csv","dietary-restrictions","bmb","bmad/bmb/reference/workflows/meal-prep-nutrition/data/dietary-restrictions.csv","ccde18712553d55ea63ca85d6d1f10e74086d4f47a03dec65141d4bb9942592b"
"csv","dietary-restrictions","bmb","bmad/bmb/workflows/create-agent/data/reference/workflows/meal-prep-nutrition/data/dietary-restrictions.csv","ccde18712553d55ea63ca85d6d1f10e74086d4f47a03dec65141d4bb9942592b"
"csv","kb","bmb","bmad/bmb/docs/agents/kb.csv","e3b0c44298fc1c149afbf4c8996fb92427ae41e4649b934ca495991b7852b855"
"csv","kb","bmb","bmad/bmb/docs/workflows/kb.csv","e3b0c44298fc1c149afbf4c8996fb92427ae41e4649b934ca495991b7852b855"
"csv","macro-calculator","bmb","bmad/bmb/reference/workflows/meal-prep-nutrition/data/macro-calculator.csv","6f218ae98911f5c2200a72c94cf85a45a4928a6d3208a23acf9c2e34b06e494c"
"csv","macro-calculator","bmb","bmad/bmb/workflows/create-agent/data/reference/workflows/meal-prep-nutrition/data/macro-calculator.csv","6f218ae98911f5c2200a72c94cf85a45a4928a6d3208a23acf9c2e34b06e494c"
"csv","recipe-database","bmb","bmad/bmb/reference/workflows/meal-prep-nutrition/data/recipe-database.csv","f97b38bc7405369cfd8a7d88b39708af8df2bcb9c9867313aef9e8b555291e88"
"csv","recipe-database","bmb","bmad/bmb/workflows/create-agent/data/reference/workflows/meal-prep-nutrition/data/recipe-database.csv","f97b38bc7405369cfd8a7d88b39708af8df2bcb9c9867313aef9e8b555291e88"
"js","installer","bmb","bmad/bmb/workflows-legacy/create-module/installer-templates/installer.js","309ecdf2cebbb213a9139e5b7780d0d42bd60f665c497691773f84202e6667a7"
"md","agent_commands","bmb","bmad/bmb/workflows/create-agent/templates/agent_commands.md","e65ed1674b8064467059adaf5432aabf937a5420e7a59801f2c1e166766f403a"
"md","agent_persona","bmb","bmad/bmb/workflows/create-agent/templates/agent_persona.md","a4da0b314ac04a59e574f78948d9527591f1327ffc648f0e82b56c9c5f5e2273"
"md","agent_purpose_and_type","bmb","bmad/bmb/workflows/create-agent/templates/agent_purpose_and_type.md","e7b69190e3ef74319ebc26be12405c0a4bcfb6fb079d65ec545392237e799711"
"md","agent-compilation","bmb","bmad/bmb/docs/agents/agent-compilation.md","c9381fc09c183183016657fd6403ca0c96516aa89820296ba159d17d26a4d629"
"md","agent-menu-patterns","bmb","bmad/bmb/docs/agents/agent-menu-patterns.md","3f48563ae5332a8b12c28a7b964b01dcb5ec860df952f8224460ed7428c79b7b"
"md","agent-validation-checklist","bmb","bmad/bmb/workflows/create-agent/data/agent-validation-checklist.md","7b1172ac27735a8adcd02448692b652bd6d089fdab3ea667b5bec7c724f240e9"
"md","architecture","bmb","bmad/bmb/docs/workflows/architecture.md","a76178d7610878e5a1b7a99effa7be568e54cf5fc471639544127161d17849a9"
"md","assessment-section","bmb","bmad/bmb/reference/workflows/meal-prep-nutrition/templates/assessment-section.md","9fa8380217ce2ecb29e05d4023e0e5c17c84b5880e9af92df45a57a7dc2f2fb1"
"md","assessment-section","bmb","bmad/bmb/workflows/create-agent/data/reference/workflows/meal-prep-nutrition/templates/assessment-section.md","9fa8380217ce2ecb29e05d4023e0e5c17c84b5880e9af92df45a57a7dc2f2fb1"
"md","bmad-builder","bmb","bmad/bmb/agents/bmad-builder.md","fa0b36e004b343a24c573d1ee0fe6d7568c20b4237d720995fa62dd35239626c"
"md","brainstorm-context","bmb","bmad/bmb/workflows/create-agent/data/brainstorm-context.md","576d7a02935ef4e34bdc6476527b658d954bb490b8d09b09ef7e0cf58712d96f"
"md","brainstorm-context","bmb","bmad/bmb/workflows-legacy/create-module/brainstorm-context.md","62b902177d2cb56df2d6a12e5ec5c7d75ec94770ce22ac72c96691a876ed2e6a"
"md","breakthroughs","bmb","bmad/bmb/reference/agents/expert-examples/journal-keeper/journal-keeper-sidecar/breakthroughs.md","f7eaba2c3f5f721d84bb9dc560f50840e79daeee026a139fe74aecccb5fd20c7"
"md","breakthroughs","bmb","bmad/bmb/workflows/create-agent/data/reference/agents/expert-examples/journal-keeper/journal-keeper-sidecar/breakthroughs.md","f7eaba2c3f5f721d84bb9dc560f50840e79daeee026a139fe74aecccb5fd20c7"
"md","build-summary","bmb","bmad/bmb/workflows/create-workflow/templates/build-summary.md","c944ecf70fbc175192a97f23f6f476a975ffb906b57948acedebd2269e0b057d"
"md","checklist","bmb","bmad/bmb/workflows-legacy/create-module/checklist.md","6ca49bfca71e603c80d5ff84e6c330bf95f1ecee642840fdddaa2b6f98bba1a3"
"md","checklist","bmb","bmad/bmb/workflows-legacy/edit-module/checklist.md","a30511053672ff986786543022b186487aec9ed09485c515b0d03a1f968c00df"
"md","checklist","bmb","bmad/bmb/workflows-legacy/module-brief/checklist.md","4710f9c7e48a1cb29b225d43955bf313271dc7f9bb471bfecb1a8edf5f57a10a"
"md","completion-section","bmb","bmad/bmb/workflows/create-workflow/templates/completion-section.md","42315dacd1e7f4e7387c4e217968ecedd4980ec313f5627e485edaaadc0bba53"
"md","completion-summary","bmb","bmad/bmb/workflows/edit-workflow/templates/completion-summary.md","5fb732313bbf466c106e59c2c5d16d92be6e4f2a749fbd4f3d99415bddbeea1c"
"md","compliance-report","bmb","bmad/bmb/workflows/workflow-compliance-check/templates/compliance-report.md","01184bebdad49cc5b9a188f27b6998e7834de5c4dcdaa4f3d9f827a1b46d7037"
"md","content-template","bmb","bmad/bmb/workflows/create-workflow/templates/content-template.md","eb010c311fddf1f36ea3f6a3ea4137d9a31d207861253bdff0c5d8107a19e33b"
"md","csv-data-file-standards","bmb","bmad/bmb/docs/workflows/csv-data-file-standards.md","96fcc0e54f5607044adf0f50b10a5a74c12331b71469d5574765e635988406eb"
"md","design-section","bmb","bmad/bmb/workflows/create-workflow/templates/design-section.md","2d6f57df0b94916194801ffae1261fb4d8c2b864179d52ef230ef142ea705e13"
"md","expert-agent-architecture","bmb","bmad/bmb/docs/agents/expert-agent-architecture.md","79f02c8ddd86318ab62c0900b5c398a64e5e68b684e0349e35a2d2c262b7f659"
"md","improvement-goals","bmb","bmad/bmb/workflows/edit-workflow/templates/improvement-goals.md","d4f0b61a4a7327388ee23fac02e0cb3bf5fb34780f63d439aa060bc65a43fef4"
"md","improvement-log","bmb","bmad/bmb/workflows/edit-workflow/templates/improvement-log.md","3487cd5e19c56696e8c4bb92e45ee77a3f76bb70bb26509f751e39a7bdc79ca2"
"md","index","bmb","bmad/bmb/docs/agents/index.md","c9d5170e93a53af426d6f95f43c506780ac39b0fcbe725adb84a2e7c3f3fd989"
"md","index","bmb","bmad/bmb/docs/workflows/index.md","43f56996ccd0aa559bf54c7bdc490b2506ccff3f019b3dc6cd87669ae9e47a2c"
"md","info-and-installation-guide","bmb","bmad/bmb/workflows/create-agent/data/info-and-installation-guide.md","8837bc1339f9a9f0585b92120f597b4b6cda582e2d3d3ce08ebc082b0442c55b"
"md","instructions","bmb","bmad/bmb/reference/agents/expert-examples/journal-keeper/journal-keeper-sidecar/instructions.md","2875b03e1f6bde4e6af943fb869cae427047d3b1780815f0a88bb72427f9d644"
"md","instructions","bmb","bmad/bmb/workflows/create-agent/data/reference/agents/expert-examples/journal-keeper/journal-keeper-sidecar/instructions.md","2875b03e1f6bde4e6af943fb869cae427047d3b1780815f0a88bb72427f9d644"
"md","instructions","bmb","bmad/bmb/workflows-legacy/create-module/instructions.md","640113b47f8b62e40583f39d127a83e0960d297dd9058ffdd7029dd741f19d8b"
"md","instructions","bmb","bmad/bmb/workflows-legacy/edit-module/instructions.md","1dfece3903ddfec71f8802cc17ecde4a66b5131dce223b898a769f05092eb39d"
"md","instructions","bmb","bmad/bmb/workflows-legacy/module-brief/instructions.md","a1386d90d1d347c4bad17b628f3c201e1a61d162ffe8468bba89ef377996ce8c"
"md","intent-vs-prescriptive-spectrum","bmb","bmad/bmb/docs/workflows/intent-vs-prescriptive-spectrum.md","def3cd9e350556da9c602db93b2db34b9aa96d965ef51ab85499c414d4ea1564"
"md","memories","bmb","bmad/bmb/reference/agents/expert-examples/journal-keeper/journal-keeper-sidecar/memories.md","4b5a835195284352544641a2bfd66a98dd51f714cc0059e034842f9d07d32aa6"
"md","memories","bmb","bmad/bmb/workflows/create-agent/data/reference/agents/expert-examples/journal-keeper/journal-keeper-sidecar/memories.md","4b5a835195284352544641a2bfd66a98dd51f714cc0059e034842f9d07d32aa6"
"md","module-agent-architecture","bmb","bmad/bmb/docs/agents/module-agent-architecture.md","fa1e3134bb68fe05404430ba7de3a293c7b37e0b1deb154c1178ece15e64ec3d"
"md","module-structure","bmb","bmad/bmb/workflows-legacy/create-module/module-structure.md","032bd574cf5a6c86ad967ec7f827a337ffe4ec68f0fa180d18863e275bd1b1e8"
"md","mood-patterns","bmb","bmad/bmb/reference/agents/expert-examples/journal-keeper/journal-keeper-sidecar/mood-patterns.md","40d9ca8c95efc1b121421df018e0d5f58010a32e250e60bb6f1c8f59530cff8d"
"md","mood-patterns","bmb","bmad/bmb/workflows/create-agent/data/reference/agents/expert-examples/journal-keeper/journal-keeper-sidecar/mood-patterns.md","40d9ca8c95efc1b121421df018e0d5f58010a32e250e60bb6f1c8f59530cff8d"
"md","nutrition-plan","bmb","bmad/bmb/reference/workflows/meal-prep-nutrition/templates/nutrition-plan.md","8622904f32a9de6e4a85059daa62f7a1277000df48d82b17eddfb39f25eb5a7d"
"md","nutrition-plan","bmb","bmad/bmb/workflows/create-agent/data/reference/workflows/meal-prep-nutrition/templates/nutrition-plan.md","8622904f32a9de6e4a85059daa62f7a1277000df48d82b17eddfb39f25eb5a7d"
"md","prep-schedule-section","bmb","bmad/bmb/reference/workflows/meal-prep-nutrition/templates/prep-schedule-section.md","1c770d8deb07863adee05fe91114ffe2f9b0d366d653f554c2cb39a847d3d3ed"
"md","prep-schedule-section","bmb","bmad/bmb/workflows/create-agent/data/reference/workflows/meal-prep-nutrition/templates/prep-schedule-section.md","1c770d8deb07863adee05fe91114ffe2f9b0d366d653f554c2cb39a847d3d3ed"
"md","profile-section","bmb","bmad/bmb/reference/workflows/meal-prep-nutrition/templates/profile-section.md","8f2df3ab5d41f229f401b153d54d67818e3205ef06b7ca5cfc6439f21112be74"
"md","profile-section","bmb","bmad/bmb/workflows/create-agent/data/reference/workflows/meal-prep-nutrition/templates/profile-section.md","8f2df3ab5d41f229f401b153d54d67818e3205ef06b7ca5cfc6439f21112be74"
"md","project-info","bmb","bmad/bmb/workflows/create-workflow/templates/project-info.md","2733cc4c3c18bff82c6e681294988b22bfa16be15a627d5a5ffe873aefb93f0a"
"md","README","bmb","bmad/bmb/README.md","73b4d02167e7eb6e86ec0052c3e56e19f9a66fe0fa5390814752183a186f51c3"
"md","README","bmb","bmad/bmb/reference/README.md","fd0dcb1c9acd089b6855dcfc89a74c9c27e4b1637d3c2c2e8db4cde2fb1140eb"
"md","README","bmb","bmad/bmb/reference/agents/expert-examples/journal-keeper/README.md","4d8fb27d4e0993d9a60d21a19c92806bc1cb10488b4c203d688b8b636b01782b"
"md","README","bmb","bmad/bmb/reference/agents/module-examples/README.md","40f4fd37eb3e0f11b5a1dd9b66c2c2add420e98f65a9a3e6092506b7c5ae5c4b"
"md","README","bmb","bmad/bmb/reference/agents/simple-examples/README.md","645ad486a3cf20b6e57d60255571c890a57af59522b42e675a553ba8cdc38b2b"
"md","README","bmb","bmad/bmb/workflows/create-agent/data/reference/README.md","fd0dcb1c9acd089b6855dcfc89a74c9c27e4b1637d3c2c2e8db4cde2fb1140eb"
"md","README","bmb","bmad/bmb/workflows/create-agent/data/reference/agents/expert-examples/journal-keeper/README.md","4d8fb27d4e0993d9a60d21a19c92806bc1cb10488b4c203d688b8b636b01782b"
"md","README","bmb","bmad/bmb/workflows/create-agent/data/reference/agents/module-examples/README.md","40f4fd37eb3e0f11b5a1dd9b66c2c2add420e98f65a9a3e6092506b7c5ae5c4b"
"md","README","bmb","bmad/bmb/workflows/create-agent/data/reference/agents/simple-examples/README.md","645ad486a3cf20b6e57d60255571c890a57af59522b42e675a553ba8cdc38b2b"
"md","README","bmb","bmad/bmb/workflows-legacy/create-module/README.md","bd510d67395896d198eef7bf607141853be2ceb3b0a5670389fb77c7e56088ef"
"md","README","bmb","bmad/bmb/workflows-legacy/edit-module/README.md","f95914b31f5118eba63e737f1198b08bb7ab4f8dbb8dfdc06ac2e85d9acd4f90"
"md","README","bmb","bmad/bmb/workflows-legacy/module-brief/README.md","3b6456ebaff447a2312d1274b50bad538da6a8e7c73c2e7e4d5b7f6092852219"
"md","requirements-section","bmb","bmad/bmb/workflows/create-workflow/templates/requirements-section.md","7271ff84c3f84432521cb63ad41f4a0ffe0b64a729f783d8a07ce015b2fbaca9"
"md","review-section","bmb","bmad/bmb/workflows/create-workflow/templates/review-section.md","cc9bb3ded2fb8c1437145f8b2ea63ece771623e67b431e2c5156351c498ff492"
"md","shopping-section","bmb","bmad/bmb/reference/workflows/meal-prep-nutrition/templates/shopping-section.md","8441562d59975a6126e27ef90cb20da97acacd4137b15bf47659c80838101b67"
"md","shopping-section","bmb","bmad/bmb/workflows/create-agent/data/reference/workflows/meal-prep-nutrition/templates/shopping-section.md","8441562d59975a6126e27ef90cb20da97acacd4137b15bf47659c80838101b67"
"md","simple-agent-architecture","bmb","bmad/bmb/docs/agents/simple-agent-architecture.md","69b30895960bf46d5b846134974afe3204bdac80abe3dc1b70ba8058ce3ccb29"
"md","step-01-analyze","bmb","bmad/bmb/workflows/edit-workflow/steps/step-01-analyze.md","ebfcbc085ab326f3d748d04c63c30e4a0e197aa031b9e071fc13cb45bfa2a9da"
"md","step-01-brainstorm","bmb","bmad/bmb/workflows/create-agent/steps/step-01-brainstorm.md","affe72129e5d3c8738f05d6a7022b18a8583de4a5b024e517a9266337e480693"
"md","step-01-discover-intent","bmb","bmad/bmb/workflows/edit-agent/steps/step-01-discover-intent.md","b140d8ad80f7445c9c9af7cea4e4ff2eef44ff1d855df2eff32edd5d92cd57af"
"md","step-01-init","bmb","bmad/bmb/reference/workflows/meal-prep-nutrition/steps/step-01-init.md","7b2ffadffea2d6a4d3a1b204ebfb5c617270d2a8a9ef634aeadf443cc7046302"
"md","step-01-init","bmb","bmad/bmb/workflows/create-agent/data/reference/workflows/meal-prep-nutrition/steps/step-01-init.md","7b2ffadffea2d6a4d3a1b204ebfb5c617270d2a8a9ef634aeadf443cc7046302"
"md","step-01-init","bmb","bmad/bmb/workflows/create-workflow/steps/step-01-init.md","013da06069a6755a932b24af00abe1ec893ce9c2ba1e3ba00f464e706b230b2e"
"md","step-01-validate-goal","bmb","bmad/bmb/workflows/workflow-compliance-check/steps/step-01-validate-goal.md","c783e141c9032f0030be015519cd092622e7b0072ee7a0285174f3b132421159"
"md","step-01b-continue","bmb","bmad/bmb/reference/workflows/meal-prep-nutrition/steps/step-01b-continue.md","ae3756669334f57cea74002a53365093ea08d2c70d747772baaa52452b66eb30"
"md","step-01b-continue","bmb","bmad/bmb/workflows/create-agent/data/reference/workflows/meal-prep-nutrition/steps/step-01b-continue.md","ae3756669334f57cea74002a53365093ea08d2c70d747772baaa52452b66eb30"
"md","step-02-analyze-agent","bmb","bmad/bmb/workflows/edit-agent/steps/step-02-analyze-agent.md","96e66288e8332ce4d154b895399890d665931717e64e5fdbc23cdbfc4add35c5"
"md","step-02-discover","bmb","bmad/bmb/workflows/create-agent/steps/step-02-discover.md","0aa20cf2bc32a4b630adaf8ee5c73d31479bc701d2910476405891845fd9040f"
"md","step-02-discover","bmb","bmad/bmb/workflows/edit-workflow/steps/step-02-discover.md","6c054a7217b8c0c3fefefed083d15ff3c89bd0f41a86d5303e6d0a2e1fe15117"
"md","step-02-gather","bmb","bmad/bmb/workflows/create-workflow/steps/step-02-gather.md","ee4b49d3c8ca01b7c66b9ce2b790994f1c180a0e248c74e0cff9a872d17e854d"
"md","step-02-profile","bmb","bmad/bmb/reference/workflows/meal-prep-nutrition/steps/step-02-profile.md","22a3df31583ceb55abdaee61c42e34a5e38af9da10c168c49b4af319a6045cc9"
"md","step-02-profile","bmb","bmad/bmb/workflows/create-agent/data/reference/workflows/meal-prep-nutrition/steps/step-02-profile.md","22a3df31583ceb55abdaee61c42e34a5e38af9da10c168c49b4af319a6045cc9"
"md","step-02-workflow-validation","bmb","bmad/bmb/workflows/workflow-compliance-check/steps/step-02-workflow-validation.md","b7b0e6b0aa5c9126634fc735f117b266fc3107259063009cfcf4a871d8bb5389"
"md","step-03-assessment","bmb","bmad/bmb/reference/workflows/meal-prep-nutrition/steps/step-03-assessment.md","dc1fa58e07c17db0208e1dbea305cd18cae06b06a6a0a2d38c317afdcdb3456f"
"md","step-03-assessment","bmb","bmad/bmb/workflows/create-agent/data/reference/workflows/meal-prep-nutrition/steps/step-03-assessment.md","dc1fa58e07c17db0208e1dbea305cd18cae06b06a6a0a2d38c317afdcdb3456f"
"md","step-03-improve","bmb","bmad/bmb/workflows/edit-workflow/steps/step-03-improve.md","5cf2e39918904b5ae9621a88504deffeba0364cd8a836965a1572e290000273d"
"md","step-03-persona","bmb","bmad/bmb/workflows/create-agent/steps/step-03-persona.md","4f0292d3b46de5cefab505a9424dd299fd7de6d511a4f6aafd9f00a6015d925e"
"md","step-03-propose-changes","bmb","bmad/bmb/workflows/edit-agent/steps/step-03-propose-changes.md","092f1e5bc79f205a6db475d19d5a61bc41e3862e7be56e9eac07bd92b1823f03"
"md","step-03-step-validation","bmb","bmad/bmb/workflows/workflow-compliance-check/steps/step-03-step-validation.md","ca2babb116688510a094b8df3197654098afc00eaf97496c4652835691aeccc4"
"md","step-03-tools-overview","bmb","bmad/bmb/workflows/create-workflow/steps/step-03-tools-overview.md","27c34968be986bfbe3fd476ab0a8aa367808a0457e12891af6b9f5b2b4c53ad2"
"md","step-04-apply-changes","bmb","bmad/bmb/workflows/edit-agent/steps/step-04-apply-changes.md","0d90b8e95453f732e1c9414070aebba76959bf207c0c37e471c4091780ab8a69"
"md","step-04-commands","bmb","bmad/bmb/workflows/create-agent/steps/step-04-commands.md","932ab6242bfb85d49d411d623059bbd75cb550204b64a7d34bad2ca54ca9b1c0"
"md","step-04-core-tools","bmb","bmad/bmb/workflows/create-workflow/steps/step-04-core-tools.md","8b741709e6f3b5c749d0fa6140cb2a4ebe8b73b973fd53a89596b2f024b4b30d"
"md","step-04-file-validation","bmb","bmad/bmb/workflows/workflow-compliance-check/steps/step-04-file-validation.md","1b0249f06a66da710ec133491fed6a12e9330ce5f4858a65a917072d66562fc1"
"md","step-04-strategy","bmb","bmad/bmb/reference/workflows/meal-prep-nutrition/steps/step-04-strategy.md","69c086f9088ea41fc28a2246a6c521b3ad2cb9fed3d933a0ce2e1703db37ebf2"
"md","step-04-strategy","bmb","bmad/bmb/workflows/create-agent/data/reference/workflows/meal-prep-nutrition/steps/step-04-strategy.md","69c086f9088ea41fc28a2246a6c521b3ad2cb9fed3d933a0ce2e1703db37ebf2"
"md","step-04-validate","bmb","bmad/bmb/workflows/edit-workflow/steps/step-04-validate.md","580bf05ac2e7785f763d2e1c4551da0247a54f2908ba880614a8822b85bc646e"
"md","step-05-compliance-check","bmb","bmad/bmb/workflows/edit-workflow/steps/step-05-compliance-check.md","107651afdfc3fad42270a4139c3f96fae2a334a7cbc7f09126f7899a4abed08b"
"md","step-05-intent-spectrum-validation","bmb","bmad/bmb/workflows/workflow-compliance-check/steps/step-05-intent-spectrum-validation.md","a7227484fea46f5c03a0f3e3a38e60acc0bb3340699023de8a916b517524c117"
"md","step-05-memory-requirements","bmb","bmad/bmb/workflows/create-workflow/steps/step-05-memory-requirements.md","0cd53819831f10599644ecbe035c394c5085cda394c1170ac30eb6f17be85581"
"md","step-05-name","bmb","bmad/bmb/workflows/create-agent/steps/step-05-name.md","8f32e922c7bdc703484f9b65794e0d4170aba1cc3aae45ad4693655c3b4102cb"
"md","step-05-shopping","bmb","bmad/bmb/reference/workflows/meal-prep-nutrition/steps/step-05-shopping.md","7dc275b098d1d8c5b23ffbeb4f0fdb83d07dbbeba42cfe6fe220b7663af0ff2e"
"md","step-05-shopping","bmb","bmad/bmb/workflows/create-agent/data/reference/workflows/meal-prep-nutrition/steps/step-05-shopping.md","7dc275b098d1d8c5b23ffbeb4f0fdb83d07dbbeba42cfe6fe220b7663af0ff2e"
"md","step-05-validate","bmb","bmad/bmb/workflows/edit-agent/steps/step-05-validate.md","724486806a7bba7a5adf68cb3eb1d1cd7d6920df2a9b2f31625cf1eaba81dd7d"
"md","step-06-build","bmb","bmad/bmb/workflows/create-agent/steps/step-06-build.md","ad385580969f2f1528964862c0e67e8ad9fb6df5fae321fdd50f107b68595a81"
"md","step-06-external-tools","bmb","bmad/bmb/workflows/create-workflow/steps/step-06-external-tools.md","fcbabd2f12e011b14f322095b1d64c385667ef61c16413686030168d098fb4ff"
"md","step-06-prep-schedule","bmb","bmad/bmb/reference/workflows/meal-prep-nutrition/steps/step-06-prep-schedule.md","e5c9558ae2c140aaa7f000fcb609337fb41d6cb6a7df5464830fcf4301d0a7d7"
"md","step-06-prep-schedule","bmb","bmad/bmb/workflows/create-agent/data/reference/workflows/meal-prep-nutrition/steps/step-06-prep-schedule.md","e5c9558ae2c140aaa7f000fcb609337fb41d6cb6a7df5464830fcf4301d0a7d7"
"md","step-06-web-subprocess-validation","bmb","bmad/bmb/workflows/workflow-compliance-check/steps/step-06-web-subprocess-validation.md","5fefeac3b1cf104147cb2c88780077bed33619ffc178c30fe4b5bcac8246de81"
"md","step-07-holistic-analysis","bmb","bmad/bmb/workflows/workflow-compliance-check/steps/step-07-holistic-analysis.md","50c3194f32b46b26db8642dc6e2db3cda989b468664984ee530fef77863774fb"
"md","step-07-installation-guidance","bmb","bmad/bmb/workflows/create-workflow/steps/step-07-installation-guidance.md","298e7e059d6a39c7d82010a0621562c13d16179e57c1dd0d4896fa0faaab7c3a"
"md","step-07-validate","bmb","bmad/bmb/workflows/create-agent/steps/step-07-validate.md","b96e794f351ff446dfa5b2911ffb02da2b5106f0e6db0304d19d24147aa87936"
"md","step-08-generate-report","bmb","bmad/bmb/workflows/workflow-compliance-check/steps/step-08-generate-report.md","5764689ddcea9a81566d0349234cceaf15022eb026432620b8b96adb8fbac150"
"md","step-08-setup","bmb","bmad/bmb/workflows/create-agent/steps/step-08-setup.md","16dd12f2771fa9f546fa8d5f82fbd389d5abad459fda6e02a65391794475787c"
"md","step-08-tools-summary","bmb","bmad/bmb/workflows/create-workflow/steps/step-08-tools-summary.md","5ef8b560d7ed135fa293158e045c738a2eca7b57e8bbc3b06649e8cc1bb18062"
"md","step-09-customize","bmb","bmad/bmb/workflows/create-agent/steps/step-09-customize.md","e3e8d2e7868098e245f7539708ebf867ca39b20dc73c5f33de1b43356b78ada7"
"md","step-09-design","bmb","bmad/bmb/workflows/create-workflow/steps/step-09-design.md","81fad272dcfadb49f8031c345c3dd68ec8e062ed3906c7353a76a5ee9b292ded"
"md","step-10-build-tools","bmb","bmad/bmb/workflows/create-agent/steps/step-10-build-tools.md","83982865d3c86c1bb3cd2bf92420ac1a359082f95f09290696441077f4ffe977"
"md","step-10-plan-review","bmb","bmad/bmb/workflows/create-workflow/steps/step-10-plan-review.md","39802988fbf6a16072fb6a913018018cac3d1b9216150953fecfa68a0558973d"
"md","step-11-build","bmb","bmad/bmb/workflows/create-workflow/steps/step-11-build.md","2f2d1fa8b9b5d265ef4ec82e6a8768de9b1049fed55769fac6f537f75349dcab"
"md","step-11-celebrate","bmb","bmad/bmb/workflows/create-agent/steps/step-11-celebrate.md","0ed8a33745c825c82db33f2f6844e2d6c267b8e65df5416036032f99325d898a"
"md","step-12-review","bmb","bmad/bmb/workflows/create-workflow/steps/step-12-review.md","d2a3f88d7c5bf6a92f868638b674ed0e8cd10363eaee95bd475385b3c88e6007"
"md","step-file","bmb","bmad/bmb/workflows/create-workflow/templates/step-file.md","c456d051adbf94ef0101a2b19b57372b5e86ae9c05c17a5c7eb4c88ba0913010"
"md","step-template","bmb","bmad/bmb/docs/workflows/step-template.md","8035b95d7661d28c1d2424325da103587290f3bd40507ecf9121253421685de7"
"md","strategy-section","bmb","bmad/bmb/reference/workflows/meal-prep-nutrition/templates/strategy-section.md","0d75fedb5bedc07bd0e17a63f370b011f770d3d696eb7835cc07fa4fe5a77337"
"md","strategy-section","bmb","bmad/bmb/workflows/create-agent/data/reference/workflows/meal-prep-nutrition/templates/strategy-section.md","0d75fedb5bedc07bd0e17a63f370b011f770d3d696eb7835cc07fa4fe5a77337"
"md","template","bmb","bmad/bmb/workflows-legacy/module-brief/template.md","7d1ad5ec40b06510fcbb0a3da8ea32aefa493e5b04c3a2bba90ce5685b894275"
"md","terms","bmb","bmad/bmb/docs/workflows/terms.md","4335bbc77ca4ccb6ad8baf39a553325b92c047b3cfdfa1903079ea3ebe34b91c"
"md","understanding-agent-types","bmb","bmad/bmb/docs/agents/understanding-agent-types.md","17cd17d09295dd9064d46ae9beebf4943976c146d4cbf93a903da14063153d08"
"md","validation-complete","bmb","bmad/bmb/workflows/create-agent/data/validation-complete.md","2dee12dfa3003f15b88328459c121a4d2bc35072169ba9f58ffcac7f043a0c27"
"md","validation-results","bmb","bmad/bmb/workflows/edit-workflow/templates/validation-results.md","97ed6deaab6c60849fdce797ace3c7c9a2bbb63f0fb3601cbe8d47895c4b6731"
"md","workflow","bmb","bmad/bmb/reference/workflows/meal-prep-nutrition/workflow.md","bee70a6a9839554d41cef790ad1f478c186b3b514a8f9d369d6f3ec33562aa07"
"md","workflow","bmb","bmad/bmb/workflows/create-agent/data/reference/workflows/meal-prep-nutrition/workflow.md","bee70a6a9839554d41cef790ad1f478c186b3b514a8f9d369d6f3ec33562aa07"
"md","workflow","bmb","bmad/bmb/workflows/create-agent/workflow.md","b3c789d7de1c10ce9ae53ac39292dc84378de840b2da94be6dfe44915a0398e8"
"md","workflow","bmb","bmad/bmb/workflows/create-workflow/templates/workflow.md","f130807bc8450f1f8d288e05c642ec696b0731d386662f71bd6c8015f53e4d82"
"md","workflow","bmb","bmad/bmb/workflows/create-workflow/workflow.md","d7289e2e0bccfa242461ab2d001ce182910019f673da47ef52d9b7b6c2c82e31"
"md","workflow","bmb","bmad/bmb/workflows/edit-agent/workflow.md","e422d47c40c041229f224c9f854fa4a07b600fd04701b3ba38cb1f6128c504a5"
"md","workflow","bmb","bmad/bmb/workflows/edit-workflow/workflow.md","7f8b03d1ce63d497e3d1f7765a229ca3776fe689c885b50808f675fe9039f52d"
"md","workflow","bmb","bmad/bmb/workflows/workflow-compliance-check/workflow.md","9a9ee589957248c800cdf37eb08763a4e2a148f5e93e251901d98595bb395f34"
"md","workflow-analysis","bmb","bmad/bmb/workflows/edit-workflow/templates/workflow-analysis.md","9e2196c12fcdfbde8a074ea97a0d883cbe629c465e2b6ff52bb1619d687d6b8a"
"md","workflow-plan","bmb","bmad/bmb/workflows/create-workflow/templates/workflow-plan.md","ad54e8f04fc2fa1c2c32a612089830f77af17462f773be90a29f1f08e60b3324"
"md","workflow-template","bmb","bmad/bmb/docs/workflows/workflow-template.md","7795675fd8cf67894d45dba0d4797a4d514135cf705f44b974759ea8b3648469"
"yaml","bmad-builder.agent","bmb","bmad/bmb/agents/bmad-builder.agent.yaml",""
"yaml","commit-poet.agent","bmb","bmad/bmb/reference/agents/simple-examples/commit-poet.agent.yaml","a57745f92808bba5788795c981c77c56a6b703baa25ccef0e3326280af4105a9"
"yaml","commit-poet.agent","bmb","bmad/bmb/workflows/create-agent/data/reference/agents/simple-examples/commit-poet.agent.yaml","a57745f92808bba5788795c981c77c56a6b703baa25ccef0e3326280af4105a9"
"yaml","config","bmb","bmad/bmb/config.yaml","ca926c76c2236ee61ad5ea1af4c6c2c101692eafc720e99b49aba9f3558d16a9"
"yaml","install-config","bmb","bmad/bmb/workflows-legacy/create-module/installer-templates/install-config.yaml","484448c87b55725f2cb5eb8661c4706b7d43ddbb94bbfe98abaab591bcef32d0"
"yaml","journal-keeper.agent","bmb","bmad/bmb/reference/agents/expert-examples/journal-keeper/journal-keeper.agent.yaml","37b02124fa3ade0516ad25c7657aa031dbda0374cec89a0df6761c9a94f4590b"
"yaml","journal-keeper.agent","bmb","bmad/bmb/workflows/create-agent/data/reference/agents/expert-examples/journal-keeper/journal-keeper.agent.yaml","37b02124fa3ade0516ad25c7657aa031dbda0374cec89a0df6761c9a94f4590b"
"yaml","security-engineer.agent","bmb","bmad/bmb/reference/agents/module-examples/security-engineer.agent.yaml","5e6a2f8a5940a6593e8f0142a16a3445908ef56438833fd4cf6c37d8e6d6014e"
"yaml","security-engineer.agent","bmb","bmad/bmb/workflows/create-agent/data/reference/agents/module-examples/security-engineer.agent.yaml","7609ce87f0d42f59e6674d9bd468e0db9df4db2c8db8a830382faafe8cef05df"
"yaml","trend-analyst.agent","bmb","bmad/bmb/reference/agents/module-examples/trend-analyst.agent.yaml","68eb11e4e129a1a7a3aa180ffa80a6c9cd01ee0c1834ec09751409fa61c20336"
"yaml","trend-analyst.agent","bmb","bmad/bmb/workflows/create-agent/data/reference/agents/module-examples/trend-analyst.agent.yaml","68eb11e4e129a1a7a3aa180ffa80a6c9cd01ee0c1834ec09751409fa61c20336"
"yaml","workflow","bmb","bmad/bmb/workflows-legacy/create-module/workflow.yaml","728d652409d4fdf72c7c7f4312f87a71144939e6c4d0b88d8acd3a2c4723508f"
"yaml","workflow","bmb","bmad/bmb/workflows-legacy/edit-module/workflow.yaml","25ee3994fad9845ae7d3f8979ab0e08548f4f5473a04bf2fd9704bf42793dc1f"
"yaml","workflow","bmb","bmad/bmb/workflows-legacy/module-brief/workflow.yaml","1a178ab87b8f602a5a27262ee2276fe16ea0f132c888524d774dde0dd6ba4b9f"
"csv","default-party","bmm","bmad/bmm/teams/default-party.csv","43209253a2e784e6b054a4ac427c9532a50d9310f6a85052d93ce975b9162156"
"csv","documentation-requirements","bmm","bmad/bmm/workflows/document-project/documentation-requirements.csv","d1253b99e88250f2130516b56027ed706e643bfec3d99316727a4c6ec65c6c1d"
"csv","domain-complexity","bmm","bmad/bmm/workflows/2-plan-workflows/prd/domain-complexity.csv","ed4d30e9fd87db2d628fb66cac7a302823ef6ebb3a8da53b9265326f10a54e11"
"csv","domain-complexity","bmm","bmad/bmm/workflows/3-solutioning/architecture/data/domain-complexity.csv","cb9244ed2084143146f9f473244ad9cf63d33891742b9f6fbcb6e354fa4f3a93"
"csv","project-types","bmm","bmad/bmm/workflows/2-plan-workflows/prd/project-types.csv","7a01d336e940fb7a59ff450064fd1194cdedda316370d939264a0a0adcc0aca3"
"csv","project-types","bmm","bmad/bmm/workflows/3-solutioning/architecture/data/project-types.csv","12343635a2f11343edb1d46906981d6f5e12b9cad2f612e13b09460b5e5106e7"
"csv","tea-index","bmm","bmad/bmm/testarch/tea-index.csv","374a8d53b5e127a9440751a02c5112c66f81bc00e2128d11d11f16d8f45292ea"
"excalidraw","workflow-method-greenfield","bmm","bmad/bmm/docs/images/workflow-method-greenfield.excalidraw","ddd42ea8d7ec49c47d6a9eb45d418c964e7a49d12e627e5b942d745e82899cd2"
"json","excalidraw-library","bmm","bmad/bmm/workflows/diagrams/_shared/excalidraw-library.json","8e5079f4e79ff17f4781358423f2126a1f14ab48bbdee18fd28943865722030c"
"json","project-scan-report-schema","bmm","bmad/bmm/workflows/document-project/templates/project-scan-report-schema.json","53255f15a10cab801a1d75b4318cdb0095eed08c51b3323b7e6c236ae6b399b7"
"md","agents-guide","bmm","bmad/bmm/docs/agents-guide.md","03e919617d8667ea8290b7e5ad4347e3d03ddf786ad41b34f02de18b093671b4"
"md","analyst","bmm","bmad/bmm/agents/analyst.md","3cd9534a6f7da51bf7ecea64bfb9f63f300db27e8533ed7d1f94d44fe20ea15f"
"md","api-request","bmm","bmad/bmm/testarch/knowledge/api-request.md","93ac674f645cb389aafe08ce31e53280ebc0385c59e585a199b772bb0e0651fb"
"md","architect","bmm","bmad/bmm/agents/architect.md","41748c8ad653c16b571758de6dbc09671f2dbc755ca5cb3a765e76814fe1c47b"
"md","architecture-decision-template","bmm","bmad/bmm/workflows/3-solutioning/architecture/architecture-decision-template.md","677abaa21e5ea5aa11ea84d596f3ff81506652b5929b6403d404d9c7623c3752"
"md","atdd-checklist-template","bmm","bmad/bmm/workflows/testarch/atdd/atdd-checklist-template.md","9944d7b488669bbc6e9ef537566eb2744e2541dad30a9b2d9d4ae4762f66b337"
"md","auth-session","bmm","bmad/bmm/testarch/knowledge/auth-session.md","b2ee00c5650655311ff54d20dcd6013afb5b280a66faa8336f9fb810436f1aab"
"md","bmad-quick-flow","bmm","bmad/bmm/docs/bmad-quick-flow.md","e437c81feedf8a981595a6f53119d5ffff37b3815d0b58901340b1908d470136"
"md","brownfield-guide","bmm","bmad/bmm/docs/brownfield-guide.md","abba45d1215c362b1d90d8682cff09b3498e89d960db53931124a17fcfb0b02f"
"md","burn-in","bmm","bmad/bmm/testarch/knowledge/burn-in.md","5ba3d2abe6b961e5bc3948ab165e801195bff3ee6e66569c00c219b484aa4b5d"
"md","checklist","bmm","bmad/bmm/workflows/3-solutioning/implementation-readiness/checklist.md","6024d4064ad1010a9bbdbaa830c01adba27c1aba6bf0153d88eee460427af799"
"md","checklist","bmm","bmad/bmm/workflows/4-implementation/correct-course/checklist.md","c02bdd4bf4b1f8ea8f7c7babaa485d95f7837818e74cef07486a20b31671f6f5"
"md","checklist","bmm","bmad/bmm/workflows/4-implementation/create-story/checklist.md","da609c09af4a9dea4a0a3cb2bd691b5032e15120f539c9b43f7452cfbe68cafb"
"md","checklist","bmm","bmad/bmm/workflows/4-implementation/dev-story/checklist.md","5e9fe3c5df30f2ab79eac375317d4d1ade1face371d2ac669cef52762afe0fc4"
"md","checklist","bmm","bmad/bmm/workflows/4-implementation/sprint-planning/checklist.md","80b10aedcf88ab1641b8e5f99c9a400c8fd9014f13ca65befc5c83992e367dd7"
"md","checklist","bmm","bmad/bmm/workflows/bmad-quick-flow/quick-dev/checklist.md","7a26f68fa535caa6b461c4e84846241db4669da29b19a7ab510eeeff434bae12"
"md","checklist","bmm","bmad/bmm/workflows/diagrams/create-dataflow/checklist.md","f420aaf346833dfda5454ffec9f90a680e903453bcc4d3e277d089e6781fec55"
"md","checklist","bmm","bmad/bmm/workflows/diagrams/create-diagram/checklist.md","6357350a6e2237c1b819edd8fc847e376192bf802000cb1a4337c9584fc91a18"
"md","checklist","bmm","bmad/bmm/workflows/diagrams/create-flowchart/checklist.md","45aaf882b8e9a1042683406ae2cfc0b23d3d39bd1dac3ddb0778d5b7165f7047"
"md","checklist","bmm","bmad/bmm/workflows/diagrams/create-wireframe/checklist.md","588f9354bf366c173aa261cf5a8b3a87c878ea72fd2c0f8088c4b3289e984641"
"md","checklist","bmm","bmad/bmm/workflows/document-project/checklist.md","2f1edb9e5e0b003f518b333ae842f344ff94d4dda7df07ba7f30c5b066013a68"
"md","checklist","bmm","bmad/bmm/workflows/testarch/atdd/checklist.md","c4fa594d949dd8f1f818c11054b28643b458ab05ed90cf65f118deb1f4818e9f"
"md","checklist","bmm","bmad/bmm/workflows/testarch/automate/checklist.md","bf1ae220c15c9f263967d1606658b19adcd37d57aef2b0faa30d34f01e5b0d22"
"md","checklist","bmm","bmad/bmm/workflows/testarch/ci/checklist.md","c40143aaf0e34c264a2f737e14a50ec85d861bda78235cf01a3c63413d996dc8"
"md","checklist","bmm","bmad/bmm/workflows/testarch/framework/checklist.md","16cc3aee710abb60fb85d2e92f0010b280e66b38fac963c0955fb36e7417103a"
"md","checklist","bmm","bmad/bmm/workflows/testarch/nfr-assess/checklist.md","044416df40402db39eb660509eedadafc292c16edc247cf93812f2a325ee032c"
"md","checklist","bmm","bmad/bmm/workflows/testarch/test-design/checklist.md","1a7e5e975d5a2bd3afd81e743e5ee3a2aa72571fce250caac24a6643808394eb"
"md","checklist","bmm","bmad/bmm/workflows/testarch/test-review/checklist.md","0626c675114c23019e20e4ae2330a64baba43ad11774ff268c027b3c584a0891"
"md","checklist","bmm","bmad/bmm/workflows/testarch/trace/checklist.md","a4468ae2afa9cf676310ec1351bb34317d5390e4a02ded9684cc15a62f2fd4fd"
"md","ci-burn-in","bmm","bmad/bmm/testarch/knowledge/ci-burn-in.md","de0092c37ea5c24b40a1aff90c5560bbe0c6cc31702de55d4ea58c56a2e109af"
"md","component-tdd","bmm","bmad/bmm/testarch/knowledge/component-tdd.md","88bd1f9ca1d5bcd1552828845fe80b86ff3acdf071bac574eda744caf7120ef8"
"md","contract-testing","bmm","bmad/bmm/testarch/knowledge/contract-testing.md","d8f662c286b2ea4772213541c43aebef006ab6b46e8737ebdc4a414621895599"
"md","data-factories","bmm","bmad/bmm/testarch/knowledge/data-factories.md","d7428fe7675da02b6f5c4c03213fc5e542063f61ab033efb47c1c5669b835d88"
"md","deep-dive-instructions","bmm","bmad/bmm/workflows/document-project/workflows/deep-dive-instructions.md","a567fc43c918ca3f77440e75ce2ac7779740550ad848cade130cca1837115c1e"
"md","deep-dive-template","bmm","bmad/bmm/workflows/document-project/templates/deep-dive-template.md","6198aa731d87d6a318b5b8d180fc29b9aa53ff0966e02391c17333818e94ffe9"
"md","dev","bmm","bmad/bmm/agents/dev.md","7e5c83353669e96c3333f84a01ca24a51d4bc7961efa42c1531c76c564a7c938"
"md","documentation-standards","bmm","bmad/bmm/data/documentation-standards.md","fc26d4daff6b5a73eb7964eacba6a4f5cf8f9810a8c41b6949c4023a4176d853"
"md","email-auth","bmm","bmad/bmm/testarch/knowledge/email-auth.md","43f4cc3138a905a91f4a69f358be6664a790b192811b4dfc238188e826f6b41b"
"md","enterprise-agentic-development","bmm","bmad/bmm/docs/enterprise-agentic-development.md","3c786451eaac01b9b24b9950c32244da973aa831e3c3d8091769d685fd3c0822"
"md","epics-template","bmm","bmad/bmm/workflows/3-solutioning/create-epics-and-stories/epics-template.md","9adb82dfce092b40756578c15eddab540c5c987abd7fcc323f3d76b2999eb115"
"md","error-handling","bmm","bmad/bmm/testarch/knowledge/error-handling.md","8a314eafb31e78020e2709d88aaf4445160cbefb3aba788b62d1701557eb81c1"
"md","faq","bmm","bmad/bmm/docs/faq.md","ae791150e73625c79a93f07e9385f45b7c2026676071a0e7de6bc4ebebb317cf"
"md","feature-flags","bmm","bmad/bmm/testarch/knowledge/feature-flags.md","f6db7e8de2b63ce40a1ceb120a4055fbc2c29454ad8fca5db4e8c065d98f6f49"
"md","file-utils","bmm","bmad/bmm/testarch/knowledge/file-utils.md","e0d4e98ca6ec32035ae07a14880c65ab99298e9240404d27a05788c974659e8b"
"md","fixture-architecture","bmm","bmad/bmm/testarch/knowledge/fixture-architecture.md","a3b6c1bcaf5e925068f3806a3d2179ac11dde7149e404bc4bb5602afb7392501"
"md","fixtures-composition","bmm","bmad/bmm/testarch/knowledge/fixtures-composition.md","8e57a897663a272fd603026aeec76941543c1e09d129e377846726fd405f3a5a"
"md","full-scan-instructions","bmm","bmad/bmm/workflows/document-project/workflows/full-scan-instructions.md","6c6e0d77b33f41757eed8ebf436d4def69cd6ce412395b047bf5909f66d876aa"
"md","glossary","bmm","bmad/bmm/docs/glossary.md","e3211b659955d30268ff7804e56c66bb7f087f2fb8806fca2ecacd071d96e4bf"
"md","index-template","bmm","bmad/bmm/workflows/document-project/templates/index-template.md","42c8a14f53088e4fda82f26a3fe41dc8a89d4bcb7a9659dd696136378b64ee90"
"md","instructions","bmm","bmad/bmm/workflows/3-solutioning/create-epics-and-stories/instructions.md","a4427597050a8f9f3c69092e6677e93aca3178044152398ac5f1bab4d8ecf4c8"
"md","instructions","bmm","bmad/bmm/workflows/3-solutioning/implementation-readiness/instructions.md","d000a383dffcd6606a4984fa332cc6294d784f1db841739161c0cde030613c49"
"md","instructions","bmm","bmad/bmm/workflows/4-implementation/correct-course/instructions.md","36bdc26a75adcba6aba508f3384512502d6640f96926742666e026f1eb380666"
"md","instructions","bmm","bmad/bmm/workflows/4-implementation/retrospective/instructions.md","affe11f9528d7ed244a5def0209097826686ef39626c8219c23f5174b0e657cb"
"md","instructions","bmm","bmad/bmm/workflows/4-implementation/sprint-planning/instructions.md","0456996ca4dc38e832d64b72650c4f6f1048c0ce6e8d996a5a0ec16bc9a589f5"
"md","instructions","bmm","bmad/bmm/workflows/bmad-quick-flow/create-tech-spec/instructions.md","4fe696440982bdfb01d936a20c55aea658d934786ec9918b4080e36730c5ad4d"
"md","instructions","bmm","bmad/bmm/workflows/bmad-quick-flow/quick-dev/instructions.md","dc457757a92589af70c6eba1aa856d821917a655feaa627b88d32ccfa7e9e359"
"md","instructions","bmm","bmad/bmm/workflows/diagrams/create-dataflow/instructions.md","d07ed411e68fce925af5e59800e718406a783f8b94dadaa42425f3a33f460637"
"md","instructions","bmm","bmad/bmm/workflows/diagrams/create-diagram/instructions.md","231d3ce0f0fe0f8af9010acebf2720eb858a45ea34cd1e7ec8385878bcd5e27f"
"md","instructions","bmm","bmad/bmm/workflows/diagrams/create-flowchart/instructions.md","36e8b3327dd6c97270f11de6f3bea346c17dd1b0e25fef65245fe166b00a2543"
"md","instructions","bmm","bmad/bmm/workflows/diagrams/create-wireframe/instructions.md","60309b71a73d1bee9804aaf63228c917066b8da64b929b32813b1d0411a8b8b2"
"md","instructions","bmm","bmad/bmm/workflows/document-project/instructions.md","c67bd666382131bead7d4ace1ac6f0c9acd2d1d1b2a82314b4b90bda3a15eeb4"
"md","instructions","bmm","bmad/bmm/workflows/testarch/atdd/instructions.md","eef9fc4eb4b866bacfc3e5b85a492c0f45530640c648cbe1dbbc78885db9a21e"
"md","instructions","bmm","bmad/bmm/workflows/testarch/automate/instructions.md","49b5979463bd683271df610128e174ec08725e351500dbc2aa05b8b19e99d56c"
"md","instructions","bmm","bmad/bmm/workflows/testarch/ci/instructions.md","92e2474a62285c7bee9ff53236db0ab5da4a6fb5fd5aa2dca49e0ac631cc3428"
"md","instructions","bmm","bmad/bmm/workflows/testarch/framework/instructions.md","14009ff970a6dbce184439b466eac968abc26667271217981c314c1911a09db9"
"md","instructions","bmm","bmad/bmm/workflows/testarch/nfr-assess/instructions.md","7de16907253721c8baae2612be35325c6fa543765377783763a09739fa71f072"
"md","instructions","bmm","bmad/bmm/workflows/testarch/test-design/instructions.md","abe606f1b1daeb6da224ad8868515f7a3bdc1dcca95b74b3b53b891df8f6ecec"
"md","instructions","bmm","bmad/bmm/workflows/testarch/test-review/instructions.md","298e177043b4ef514085c05184cc90f5c00df8b4cd6b1cc898283d21abaadeb8"
"md","instructions","bmm","bmad/bmm/workflows/testarch/trace/instructions.md","fe499a09c4bebbff0a0bce763ced2c36bee5c36b268a4abb4e964a309ff2fa20"
"md","instructions","bmm","bmad/bmm/workflows/workflow-status/init/instructions.md","4377ed6015f4e0a6b9c85b68343f3ebcefefe5f08c77386d280ed9d13adfd592"
"md","instructions","bmm","bmad/bmm/workflows/workflow-status/instructions.md","ee1d418a8360906a505abc019e22fbd94a0bc7deaf7b8d5e4684240028b1b485"
"md","intercept-network-call","bmm","bmad/bmm/testarch/knowledge/intercept-network-call.md","fb551cb0cefe3c062c28ae255a121aaae098638ec35a16fcdba98f670887ab6a"
"md","log","bmm","bmad/bmm/testarch/knowledge/log.md","b6267716ccbe6f9e2cc1b2b184501faeb30277bc8546206a66f31500c52381d0"
"md","network-error-monitor","bmm","bmad/bmm/testarch/knowledge/network-error-monitor.md","0380eb6df15af0a136334ad00cf44c92c779f311b07231f5aa6230e198786799"
"md","network-first","bmm","bmad/bmm/testarch/knowledge/network-first.md","2920e58e145626f5505bcb75e263dbd0e6ac79a8c4c2ec138f5329e06a6ac014"
"md","network-recorder","bmm","bmad/bmm/testarch/knowledge/network-recorder.md","9f120515cc377c4c500ec0b5fff0968666a9a4edee03a328d92514147d50f073"
"md","nfr-criteria","bmm","bmad/bmm/testarch/knowledge/nfr-criteria.md","e63cee4a0193e4858c8f70ff33a497a1b97d13a69da66f60ed5c9a9853025aa1"
"md","nfr-report-template","bmm","bmad/bmm/workflows/testarch/nfr-assess/nfr-report-template.md","b1d8fcbdfc9715a285a58cb161242dea7d311171c09a2caab118ad8ace62b80c"
"md","overview","bmm","bmad/bmm/testarch/knowledge/overview.md","96e86563da978f78b8a28d1bc4c15cebc3dc248a747fd83be40c9da7a7c9f065"
"md","party-mode","bmm","bmad/bmm/docs/party-mode.md","7acadc96c7235695a88cba42b5642e1ee3a7f96eb2264862f629e1d4280b9761"
"md","playwright-config","bmm","bmad/bmm/testarch/knowledge/playwright-config.md","42516511104a7131775f4446196cf9e5dd3295ba3272d5a5030660b1dffaa69f"
"md","pm","bmm","bmad/bmm/agents/pm.md","828623a38df01b66803527006938062d5e63277f03faf2c7aed5165dc384058a"
"md","prd-template","bmm","bmad/bmm/workflows/2-plan-workflows/prd/prd-template.md","6e8ef2f6b7806a19463d7875dfc9f0d478151a93e527b7ecd96dfe2115d74e3b"
"md","probability-impact","bmm","bmad/bmm/testarch/knowledge/probability-impact.md","446dba0caa1eb162734514f35366f8c38ed3666528b0b5e16c7f03fd3c537d0f"
"md","product-brief.template","bmm","bmad/bmm/workflows/1-analysis/product-brief/product-brief.template.md","0993d8a5b0bb42d1aebd092e726d0829bdcab6ccfa227dc3816626366e8ccf8c"
"md","project-context-template","bmm","bmad/bmm/data/project-context-template.md","34421aed3e0ad921dc0c0080297f3a2299735b00a25351de589ada99dae56559"
"md","project-context-template","bmm","bmad/bmm/workflows/generate-project-context/project-context-template.md","df2e7d5a78f80e96e90891219c6770849a6a4a61670cd80561d1c47a6302b974"
"md","project-overview-template","bmm","bmad/bmm/workflows/document-project/templates/project-overview-template.md","a7c7325b75a5a678dca391b9b69b1e3409cfbe6da95e70443ed3ace164e287b2"
"md","quick-flow-solo-dev","bmm","bmad/bmm/docs/quick-flow-solo-dev.md","8ca0bb322aeebe7ceff2598920eae6f8e450759cf1a232ad55efba71d94d6edf"
"md","quick-flow-solo-dev","bmm","bmad/bmm/agents/quick-flow-solo-dev.md","4356f2b84b8ae44c67c2a64c6c22c377b2e070b2d7194f8d2220b41b3575b61a"
"md","quick-start","bmm","bmad/bmm/docs/quick-start.md","d3d327c8743136c11c24bde16297bf4cb44953629c1f4a931dc3ef3fb12765e4"
"md","README","bmm","bmad/bmm/README.md","ad4e6d0c002e3a5fef1b695bda79e245fe5a43345375c699165b32d6fc511457"
"md","README","bmm","bmad/bmm/data/README.md","352c44cff4dd0e5a90cdf6781168ceb57f5a78eaabddcd168433d8784854e4fb"
"md","README","bmm","bmad/bmm/docs/README.md","9a6e8b9d8b4ad3bda55a3550e46b3f327bcfb8fa37eaaf352d115377adb77a33"
"md","recurse","bmm","bmad/bmm/testarch/knowledge/recurse.md","19056fb5b7e5e626aad81277b3e5eec333f2aed36a17aea6c7d8714a5460c8b2"
"md","research.template","bmm","bmad/bmm/workflows/1-analysis/research/research.template.md","f4d69c79661d05735017229898e5a5977770d620d7973a9e1a81c900603f4098"
"md","risk-governance","bmm","bmad/bmm/testarch/knowledge/risk-governance.md","2fa2bc3979c4f6d4e1dec09facb2d446f2a4fbc80107b11fc41cbef2b8d65d68"
"md","scale-adaptive-system","bmm","bmad/bmm/docs/scale-adaptive-system.md","343e3772c2e24e9ddd6b9278f72e48dc7be961ee5ad23496003cc17cac57314c"
"md","selective-testing","bmm","bmad/bmm/testarch/knowledge/selective-testing.md","c14c8e1bcc309dbb86a60f65bc921abf5a855c18a753e0c0654a108eb3eb1f1c"
"md","selector-resilience","bmm","bmad/bmm/testarch/knowledge/selector-resilience.md","a55c25a340f1cd10811802665754a3f4eab0c82868fea61fea9cc61aa47ac179"
"md","sm","bmm","bmad/bmm/agents/sm.md","0b87ee5d9d4fef0663a155f80171f67b9c77d0f99be6df863eadba19455de3c0"
"md","source-tree-template","bmm","bmad/bmm/workflows/document-project/templates/source-tree-template.md","109bc335ebb22f932b37c24cdc777a351264191825444a4d147c9b82a1e2ad7a"
"md","step-01-discover","bmm","bmad/bmm/workflows/generate-project-context/steps/step-01-discover.md","150bbebcbfbe5f4b57ad0fc4a3b2b992d9dc537c3e3c018c47e267abf6f886a3"
"md","step-01-init","bmm","bmad/bmm/workflows/1-analysis/product-brief/steps/step-01-init.md","8fe8b488f6766456ba0dc9ac7d45e145c1266dcaca4633ae850c101381d4db54"
"md","step-01-init","bmm","bmad/bmm/workflows/1-analysis/research/domain-steps/step-01-init.md","7217db4dc4483225df0ebe0af7b43454861672c2e8b15b500911554473cf7212"
"md","step-01-init","bmm","bmad/bmm/workflows/1-analysis/research/market-steps/step-01-init.md","5d40ea121fa2404881df12001de50b30f5d38c6b835244d3e39d31710fa41bd0"
"md","step-01-init","bmm","bmad/bmm/workflows/1-analysis/research/technical-steps/step-01-init.md","8d398cc4af6df4f26b88e406b900606bcbf09833cea882d4f00ec0df45e1e881"
"md","step-01-init","bmm","bmad/bmm/workflows/2-plan-workflows/create-ux-design/steps/step-01-init.md","8c0811939c75acc2400c4670ac0a3721d8d8df1564119e625ea6a70bb56e5ace"
"md","step-01-init","bmm","bmad/bmm/workflows/2-plan-workflows/prd/steps/step-01-init.md","9d5eebacd9f0fc8f5bdc2cd5e8f83eef77048a0c99e4bf03eb0f73ebddbe547e"
"md","step-01-init","bmm","bmad/bmm/workflows/3-solutioning/architecture/steps/step-01-init.md","f464457c30fef1dcc5b5fd31d3feef8aa807f16f85f998d61e5fa9391aa02774"
"md","step-01b-continue","bmm","bmad/bmm/workflows/1-analysis/product-brief/steps/step-01b-continue.md","029570dbfd0cede406fd6de79e9196d9a673007f2b3687c4ff9a6d1380c1a4cf"
"md","step-01b-continue","bmm","bmad/bmm/workflows/2-plan-workflows/create-ux-design/steps/step-01b-continue.md","e897baf661717873e781abfea7b0f30dc0fc5668e8dfb87511f8d848e4429e78"
"md","step-01b-continue","bmm","bmad/bmm/workflows/2-plan-workflows/prd/steps/step-01b-continue.md","d4b123ea35237766092c79ec90a1f39fca4af4c2fdd52fb922262c4c8a6c3f09"
"md","step-01b-continue","bmm","bmad/bmm/workflows/3-solutioning/architecture/steps/step-01b-continue.md","4188f4abe9674b83108571317f8be8e35fc95d51d156397827dded6ef7429213"
"md","step-02-context","bmm","bmad/bmm/workflows/3-solutioning/architecture/steps/step-02-context.md","2875692c74095e5f9eedf88bb461c56685373a938ee436bddbfa1e1304c60956"
"md","step-02-customer-behavior","bmm","bmad/bmm/workflows/1-analysis/research/market-steps/step-02-customer-behavior.md","eaa60369524f44ee603356947fa91ad221c0a1718f116573a2dc45ee28c77636"
"md","step-02-customer-insights","bmm","bmad/bmm/workflows/1-analysis/research/market-steps/step-02-customer-insights.md","9a8f3e940e8283169c42c0f220b3fd5d4b1534e75ce16a61b5f6db9d5501a115"
"md","step-02-discovery","bmm","bmad/bmm/workflows/2-plan-workflows/create-ux-design/steps/step-02-discovery.md","a618c7b9c1cc8fa4ac859e36b979cbbfa66fee8d2e50015f902cc8fbe7c6ddcb"
"md","step-02-discovery","bmm","bmad/bmm/workflows/2-plan-workflows/prd/steps/step-02-discovery.md","de6f77dba3c87937bc699c064f45bd8da5ed880688b2ad6047887fdc303d35db"
"md","step-02-domain-analysis","bmm","bmad/bmm/workflows/1-analysis/research/domain-steps/step-02-domain-analysis.md","0b76d6833d03c60fcf328144af76c6f394bfc9119b30f716edda76e313627c20"
"md","step-02-generate","bmm","bmad/bmm/workflows/generate-project-context/steps/step-02-generate.md","3ce90684fcbe072c568f53e0518dafbe2cddbf9b78195ace806f277374c2e7a1"
"md","step-02-technical-overview","bmm","bmad/bmm/workflows/1-analysis/research/technical-steps/step-02-technical-overview.md","8dc412ebc70baeb95572169b61d2a3bce4d97974c427697c018f7a04810700a4"
"md","step-02-vision","bmm","bmad/bmm/workflows/1-analysis/product-brief/steps/step-02-vision.md","3c880759b86ff79b9bfa28bd55eb3a90d8bdaf79ed010467ba7fb0906f5b5bd7"
"md","step-03-competitive-landscape","bmm","bmad/bmm/workflows/1-analysis/research/domain-steps/step-03-competitive-landscape.md","010ad8d8836fa4bad044784adb4525836dceccdd21c8965ee5a95b85eb1692b5"
"md","step-03-complete","bmm","bmad/bmm/workflows/generate-project-context/steps/step-03-complete.md","9158815e89b1ac9c959502a8dfcff0c019a736aabea7d7e6f319984f65ba5c73"
"md","step-03-core-experience","bmm","bmad/bmm/workflows/2-plan-workflows/create-ux-design/steps/step-03-core-experience.md","be36e09b94f46140b84af7bfecad7b0dc2513c057b9a72969f5e1a7c56673426"
"md","step-03-customer-pain-points","bmm","bmad/bmm/workflows/1-analysis/research/market-steps/step-03-customer-pain-points.md","e29664f2d9785b37d554328f240203e0ab5d162eea0b90113a4c9a2a08300c5d"
"md","step-03-integration-patterns","bmm","bmad/bmm/workflows/1-analysis/research/technical-steps/step-03-integration-patterns.md","7da3cb291e729c1047b768bc5448bdda2925cb677b21faab29b9e30a424094dc"
"md","step-03-starter","bmm","bmad/bmm/workflows/3-solutioning/architecture/steps/step-03-starter.md","51f7153f256fc0c35c87c4f6aad6bd44b390a34a18c77eaba757bd1c90a54109"
"md","step-03-success","bmm","bmad/bmm/workflows/2-plan-workflows/prd/steps/step-03-success.md","81d19fe5714a6a518c729c0faaeda7e91d520fe1dad377133b9862d37ff4d3ea"
"md","step-03-users","bmm","bmad/bmm/workflows/1-analysis/product-brief/steps/step-03-users.md","bcbc8a7d46c892fe235feec68e5d15864c934dcbe71bcefa590e156ed47b32e7"
"md","step-04-architectural-patterns","bmm","bmad/bmm/workflows/1-analysis/research/technical-steps/step-04-architectural-patterns.md","c920adb8a89468e54311590b251816001e6613f93231bae0314c3ae65ba0390f"
"md","step-04-customer-decisions","bmm","bmad/bmm/workflows/1-analysis/research/market-steps/step-04-customer-decisions.md","73c47be59274d468fff85340a75b27c8c74cb9fcce1a873ef87985ddb2152847"
"md","step-04-decisions","bmm","bmad/bmm/workflows/3-solutioning/architecture/steps/step-04-decisions.md","c2678e2d91a35acb26fee5db15a0c4db202a5af1f99e5443849da81bdf667cbf"
"md","step-04-emotional-response","bmm","bmad/bmm/workflows/2-plan-workflows/create-ux-design/steps/step-04-emotional-response.md","ecaf542e3e73423898a1d7ff12cc183e9ccf94110e934fbe731765627f684513"
"md","step-04-journeys","bmm","bmad/bmm/workflows/2-plan-workflows/prd/steps/step-04-journeys.md","f662fac4a84e691ae0a7e0b4780d360cbbb05caee072f0ce99691aba2492ed30"
"md","step-04-metrics","bmm","bmad/bmm/workflows/1-analysis/product-brief/steps/step-04-metrics.md","6e4c8aaa2577e2608df8dc1ac6893c38b406c4e292ba4673221c685c65275380"
"md","step-04-regulatory-focus","bmm","bmad/bmm/workflows/1-analysis/research/domain-steps/step-04-regulatory-focus.md","5802b821f8c239df37f841aa39da4896c50deb7f21a8969096e2e728fb080b9f"
"md","step-05-competitive-analysis","bmm","bmad/bmm/workflows/1-analysis/research/market-steps/step-05-competitive-analysis.md","58db83a5dc34725cf39a033976adac23af33a49be38e96dde167a8299f9e62ba"
"md","step-05-domain","bmm","bmad/bmm/workflows/2-plan-workflows/prd/steps/step-05-domain.md","96ebf219bb5fcb2d850cbea98d68cddd42c13ea91048cf61b67e710319131e27"
"md","step-05-implementation-research","bmm","bmad/bmm/workflows/1-analysis/research/technical-steps/step-05-implementation-research.md","4c8e1ba94879be798c82e7a09030eaff65ca2a0a9fd89e7426353a3ea4fcf207"
"md","step-05-inspiration","bmm","bmad/bmm/workflows/2-plan-workflows/create-ux-design/steps/step-05-inspiration.md","cd3c0612dacb466d8c8c1cebba688852f32dd188e8bc7ae3405be18b779be1e6"
"md","step-05-patterns","bmm","bmad/bmm/workflows/3-solutioning/architecture/steps/step-05-patterns.md","3fff9ec3b093a089b332fb905728dc5c9206cab9ce0ee8dcecf389a123b4d8ad"
"md","step-05-scope","bmm","bmad/bmm/workflows/1-analysis/product-brief/steps/step-05-scope.md","fa80e32015904b2f88fe210c64842d10b996bbd074529b36b91ef23199c4dfaa"
"md","step-05-technical-trends","bmm","bmad/bmm/workflows/1-analysis/research/domain-steps/step-05-technical-trends.md","e88098ca9ff044836c205c2c3f71f35b8ba8743073d93d2f75ef25176424065a"
"md","step-06-complete","bmm","bmad/bmm/workflows/1-analysis/product-brief/steps/step-06-complete.md","4265c8e99832037f2a9e9cff8430a0775aec6c500765468b93abc316d136ad0d"
"md","step-06-design-system","bmm","bmad/bmm/workflows/2-plan-workflows/create-ux-design/steps/step-06-design-system.md","21548ba370fcebd0ee14178e0beff84930523e166c8b570ac0a590ab66459970"
"md","step-06-innovation","bmm","bmad/bmm/workflows/2-plan-workflows/prd/steps/step-06-innovation.md","9f111523dbb43eb0a33c12afbb7af689e4088b0fff6358024329dfe487b5cee7"
"md","step-06-research-completion","bmm","bmad/bmm/workflows/1-analysis/research/market-steps/step-06-research-completion.md","d865465d21c182b7437a4baf43db75be3443a0f520c7e9810cde337c8909787a"
"md","step-06-research-synthesis","bmm","bmad/bmm/workflows/1-analysis/research/domain-steps/step-06-research-synthesis.md","679307b56acbc642f5fb890862d6ab4d5b61225fe962e5781856460fc1503ee5"
"md","step-06-research-synthesis","bmm","bmad/bmm/workflows/1-analysis/research/technical-steps/step-06-research-synthesis.md","d4ab0753a897c3a0412579739c0f21608ec026ff051e934872c8fca6faf0b93d"
"md","step-06-structure","bmm","bmad/bmm/workflows/3-solutioning/architecture/steps/step-06-structure.md","61e4b0c0fb330f13bea220f0c9c8e4f756e9ac19ae3e2b3dfafdbc4a8a4e01c7"
"md","step-07-defining-experience","bmm","bmad/bmm/workflows/2-plan-workflows/create-ux-design/steps/step-07-defining-experience.md","739d82e834c5bc65a7ec0f4b356b5beb79c782fa4a93b1651beb1468f8f7a087"
"md","step-07-project-type","bmm","bmad/bmm/workflows/2-plan-workflows/prd/steps/step-07-project-type.md","a2b824437af01fab107d9b23a4b7b3e2a016c7df96d8de04166b61a6c1adf4f5"
"md","step-07-validation","bmm","bmad/bmm/workflows/3-solutioning/architecture/steps/step-07-validation.md","83ff68cce8340a603ee8dd028aaace6bf85f92c810422b89b94c57a8ef541df5"
"md","step-08-complete","bmm","bmad/bmm/workflows/3-solutioning/architecture/steps/step-08-complete.md","87f452c0d8d023166f6805494ef10624e11b3793472411b922b02c006cf723b4"
"md","step-08-scoping","bmm","bmad/bmm/workflows/2-plan-workflows/prd/steps/step-08-scoping.md","b05c65d8bf0e58ccd5400e5f7e12611f131a1951ed42d9c244b6972d2ecb157b"
"md","step-08-visual-foundation","bmm","bmad/bmm/workflows/2-plan-workflows/create-ux-design/steps/step-08-visual-foundation.md","fa7e5214293a97225a55be1aa0277e6d5bc545ef9cbec84f45f6d6e4a655a40c"
"md","step-09-design-directions","bmm","bmad/bmm/workflows/2-plan-workflows/create-ux-design/steps/step-09-design-directions.md","352e5636a19798e7fa118bd10958e13dd1e2c4ac4e3c111cfc5a4a9c1dbe469e"
"md","step-09-functional","bmm","bmad/bmm/workflows/2-plan-workflows/prd/steps/step-09-functional.md","095332057a25a01cc193c4b9a9f4b6dfbaf3f361e06289031656c64166e89e3e"
"md","step-10-nonfunctional","bmm","bmad/bmm/workflows/2-plan-workflows/prd/steps/step-10-nonfunctional.md","87650f7233515a1b3c04f70afac1d3e26b3879a746a47d593f4ba26a693d499e"
"md","step-10-user-journeys","bmm","bmad/bmm/workflows/2-plan-workflows/create-ux-design/steps/step-10-user-journeys.md","b258da09427d558f9f78a292146be9f2fc927cdedc20cf0ee2278b90e0f5435d"
"md","step-11-complete","bmm","bmad/bmm/workflows/2-plan-workflows/prd/steps/step-11-complete.md","11f0c99c116444406a4380494523463004eda1e46eaf32345d0e5d8200482163"
"md","step-11-component-strategy","bmm","bmad/bmm/workflows/2-plan-workflows/create-ux-design/steps/step-11-component-strategy.md","3329c3b913802be8d5cc02e75b532796c6ffd45f4212830c2a919ccd0a2457ca"
"md","step-12-ux-patterns","bmm","bmad/bmm/workflows/2-plan-workflows/create-ux-design/steps/step-12-ux-patterns.md","62bc6dfe807b6b57ac853dd52e8820703a23fdeee618710034c0486fbc222c9b"
"md","step-13-responsive-accessibility","bmm","bmad/bmm/workflows/2-plan-workflows/create-ux-design/steps/step-13-responsive-accessibility.md","d74240090a320468b9e5e961bbbf8375f0aa3599e65ceadfb6c291ef48b34e7e"
"md","step-14-complete","bmm","bmad/bmm/workflows/2-plan-workflows/create-ux-design/steps/step-14-complete.md","833ba63b697ba5f8e35a7d53784c2646ce4e1726ce2dfa53bf3a9fb6880ba532"
"md","tea","bmm","bmad/bmm/agents/tea.md","a02227a460a89752aa0a12290367131cd1d5e87d55e11f430976e789ea6aef86"
"md","tech-writer","bmm","bmad/bmm/agents/tech-writer.md","849a1f8b1996ef4d226d16f113df91ac152812edbb93f3176d88e72ca5c681de"
"md","template","bmm","bmad/bmm/workflows/3-solutioning/implementation-readiness/template.md","d8e5fdd62adf9836f7f6cccd487df9b260b392da2e45d2c849ecc667b9869427"
"md","template","bmm","bmad/bmm/workflows/4-implementation/create-story/template.md","83c5d21312c0f2060888a2a8ba8332b60f7e5ebeb9b24c9ee59ba96114afb9c9"
"md","test-architecture","bmm","bmad/bmm/docs/test-architecture.md","105b572320e6d33b9167c2614a3ca94af9c514c741f47efe3834a7fcb449bcff"
"md","test-design-template","bmm","bmad/bmm/workflows/testarch/test-design/test-design-template.md","0902ec300d59458bcfc2df24da2622b607b557f26e6d407e093b7c7dbc515ba5"
"md","test-healing-patterns","bmm","bmad/bmm/testarch/knowledge/test-healing-patterns.md","b44f7db1ebb1c20ca4ef02d12cae95f692876aee02689605d4b15fe728d28fdf"
"md","test-levels-framework","bmm","bmad/bmm/testarch/knowledge/test-levels-framework.md","80bbac7959a47a2e7e7de82613296f906954d571d2d64ece13381c1a0b480237"
"md","test-priorities-matrix","bmm","bmad/bmm/testarch/knowledge/test-priorities-matrix.md","321c3b708cc19892884be0166afa2a7197028e5474acaf7bc65c17ac861964a5"
"md","test-quality","bmm","bmad/bmm/testarch/knowledge/test-quality.md","97b6db474df0ec7a98a15fd2ae49671bb8e0ddf22963f3c4c47917bb75c05b90"
"md","test-review-template","bmm","bmad/bmm/workflows/testarch/test-review/test-review-template.md","3e68a73c48eebf2e0b5bb329a2af9e80554ef443f8cd16652e8343788f249072"
"md","timing-debugging","bmm","bmad/bmm/testarch/knowledge/timing-debugging.md","c4c87539bbd3fd961369bb1d7066135d18c6aad7ecd70256ab5ec3b26a8777d9"
"md","trace-template","bmm","bmad/bmm/workflows/testarch/trace/trace-template.md","5453a8e4f61b294a1fc0ba42aec83223ae1bcd5c33d7ae0de6de992e3ee42b43"
"md","ux-design-template","bmm","bmad/bmm/workflows/2-plan-workflows/create-ux-design/ux-design-template.md","ffa4b89376cd9db6faab682710b7ce755990b1197a8b3e16b17748656d1fca6a"
"md","ux-designer","bmm","bmad/bmm/agents/ux-designer.md","1b531d67d28d2ccaaa15397c6f2a0ef0f21328f3ff4bbefbc17095a0bbebcac9"
"md","visual-debugging","bmm","bmad/bmm/testarch/knowledge/visual-debugging.md","072a3d30ba6d22d5e628fc26a08f6e03f8b696e49d5a4445f37749ce5cd4a8a9"
"md","workflow","bmm","bmad/bmm/workflows/1-analysis/product-brief/workflow.md","ba3feefdac45da01c1449d31c4f4b9043379d193672c4ef5bdb0aa86b44da8a5"
"md","workflow","bmm","bmad/bmm/workflows/1-analysis/research/workflow.md","da57357f84ad7ed0b7078e0f3b482f0f91c86c83e5b27124f922a1f5b5287758"
"md","workflow","bmm","bmad/bmm/workflows/2-plan-workflows/create-ux-design/workflow.md","e563c4da058e14b82455aa497af9d005dffa0d002286a0838f1571c971051286"
"md","workflow","bmm","bmad/bmm/workflows/2-plan-workflows/prd/workflow.md","d729f1e394361a3c37a889d2faf1124c0f63c5433edd2e9b1250ee16c51f99aa"
"md","workflow","bmm","bmad/bmm/workflows/3-solutioning/architecture/workflow.md","254850b2167f11e2d367346fd22ef843277303ad32530a1b080f11ce88330286"
"md","workflow","bmm","bmad/bmm/workflows/generate-project-context/workflow.md","31b825edeab1f7a8bb4d82ae99daaec968506d4e68c52abf38e1bef50f023478"
"md","workflow-architecture-reference","bmm","bmad/bmm/docs/workflow-architecture-reference.md","36efd4e3d74d1739455e896e62b7711bf4179c572f1eef7a7fae7f2385adcc6d"
"md","workflow-document-project-reference","bmm","bmad/bmm/docs/workflow-document-project-reference.md","ae07462c68758985b4f84183d0921453c08e23fe38b0fa1a67d5e3a9f23f4c50"
"md","workflows-analysis","bmm","bmad/bmm/docs/workflows-analysis.md","351e7375bd1ac13ae6a4125091f13b3c10dfdada984252fc773f4128f2db110d"
"md","workflows-implementation","bmm","bmad/bmm/docs/workflows-implementation.md","b909f2183477a23045e87cbac0a8aefa32e8912622aefc958691216b623d0621"
"md","workflows-planning","bmm","bmad/bmm/docs/workflows-planning.md","be3e0347cb26380b4f978c7311efc033b01bd416c8cfbac4e3dec940ca99b2b4"
"md","workflows-solutioning","bmm","bmad/bmm/docs/workflows-solutioning.md","530e916e8448b21a1cfc710fe90f5a651f14936b520f74502de52a08a02a70cc"
"svg","workflow-method-greenfield","bmm","bmad/bmm/docs/images/workflow-method-greenfield.svg","15df53321a18cacdee0577d70ee8433787eb32f09d8604331888bf2ea138f4e7"
"xml","instructions","bmm","bmad/bmm/workflows/4-implementation/code-review/instructions.xml","be2af655c082e86ee95c7fda4ec8540155718e82057909cefddc8f387ad94f17"
"xml","instructions","bmm","bmad/bmm/workflows/4-implementation/create-story/instructions.xml","7a3423220d4828860eacce3bd78793fde30f7c42740d79a1698678df1f40695e"
"xml","instructions","bmm","bmad/bmm/workflows/4-implementation/dev-story/instructions.xml","d6df4313bda13e70744baa4149609a0616c826ce660aa5c323597a763426d8d5"
"yaml","analyst.agent","bmm","bmad/bmm/agents/analyst.agent.yaml",""
"yaml","architect.agent","bmm","bmad/bmm/agents/architect.agent.yaml",""
"yaml","config","bmm","bmad/bmm/config.yaml","8f7ff4f465988f921551e5cad8b6b2a3436a07654ece39dc3e8adaa408ba7194"
"yaml","deep-dive","bmm","bmad/bmm/workflows/document-project/workflows/deep-dive.yaml","c401fb8d94ca96f3bb0ccc1146269e1bfa4ce4eadab52bd63c7fcff6c2f26216"
"yaml","dev.agent","bmm","bmad/bmm/agents/dev.agent.yaml",""
"yaml","enterprise-brownfield","bmm","bmad/bmm/workflows/workflow-status/paths/enterprise-brownfield.yaml","d4f52647ed894797c8b72d4a8a68e834f9973251f233eb0476c614bc81cfd194"
"yaml","enterprise-greenfield","bmm","bmad/bmm/workflows/workflow-status/paths/enterprise-greenfield.yaml","af047f81186fc3e5e8095e8067f3ac517e5ee6ebdd352ad1a950bce670280b51"
"yaml","excalidraw-templates","bmm","bmad/bmm/workflows/diagrams/_shared/excalidraw-templates.yaml","ca6e4ae85b5ab16df184ce1ddfdf83b20f9540db112ebf195cb793017f014a70"
"yaml","full-scan","bmm","bmad/bmm/workflows/document-project/workflows/full-scan.yaml","3d2e620b58902ab63e2d83304180ecd22ba5ab07183b3afb47261343647bde6f"
"yaml","github-actions-template","bmm","bmad/bmm/workflows/testarch/ci/github-actions-template.yaml","28c0de7c96481c5a7719596c85dd0ce8b5dc450d360aeaa7ebf6294dcf4bea4c"
"yaml","gitlab-ci-template","bmm","bmad/bmm/workflows/testarch/ci/gitlab-ci-template.yaml","bc83b9240ad255c6c2a99bf863b9e519f736c99aeb4b1e341b07620d54581fdc"
"yaml","method-brownfield","bmm","bmad/bmm/workflows/workflow-status/paths/method-brownfield.yaml","8580597b6207ddb45420c5b863b80b3077b5b40cb376e3cd43d84d116c651207"
"yaml","method-greenfield","bmm","bmad/bmm/workflows/workflow-status/paths/method-greenfield.yaml","dfa7c1d6f68929bcb1c764c4f18a8425d514aae1677eb6c44cccc76ab08db41c"
"yaml","pm.agent","bmm","bmad/bmm/agents/pm.agent.yaml",""
"yaml","project-levels","bmm","bmad/bmm/workflows/workflow-status/project-levels.yaml","414b9aefff3cfe864e8c14b55595abfe3157fd20d9ee11bb349a2b8c8e8b5449"
"yaml","quick-flow-solo-dev.agent","bmm","bmad/bmm/agents/quick-flow-solo-dev.agent.yaml",""
"yaml","sm.agent","bmm","bmad/bmm/agents/sm.agent.yaml",""
"yaml","sprint-status-template","bmm","bmad/bmm/workflows/4-implementation/sprint-planning/sprint-status-template.yaml","0eab069e4b598e8ed29229c06f4779bf196d395af49c2a2e48b9e5cbc70d58c3"
"yaml","tea.agent","bmm","bmad/bmm/agents/tea.agent.yaml",""
"yaml","team-fullstack","bmm","bmad/bmm/teams/team-fullstack.yaml","da8346b10dfad8e1164a11abeb3b0a84a1d8b5f04e01e8490a44ffca477a1b96"
"yaml","tech-writer.agent","bmm","bmad/bmm/agents/tech-writer.agent.yaml",""
"yaml","ux-designer.agent","bmm","bmad/bmm/agents/ux-designer.agent.yaml",""
"yaml","workflow","bmm","bmad/bmm/workflows/3-solutioning/create-epics-and-stories/workflow.yaml","15cf647154d63b6e234d9d347e8482743e60d16aac9f53d6eabb9025dafe5d29"
"yaml","workflow","bmm","bmad/bmm/workflows/3-solutioning/implementation-readiness/workflow.yaml","e2867da72a2769247c6b1588b76701b36e49b263e26c2949a660829792ac40e2"
"yaml","workflow","bmm","bmad/bmm/workflows/4-implementation/code-review/workflow.yaml","6d2a7982c5918672033d7c299eba22c773d403aaeb11a3e8a496cec5ca908735"
"yaml","workflow","bmm","bmad/bmm/workflows/4-implementation/correct-course/workflow.yaml","53bc0f2bc058cabf28febb603fd9be5d1171f6c8db14715ab65e7a0798bde696"
"yaml","workflow","bmm","bmad/bmm/workflows/4-implementation/create-story/workflow.yaml","af643ca53116b47bf9eb6ba40637202e2eaea54e8f2082c34949e9c02e36c876"
"yaml","workflow","bmm","bmad/bmm/workflows/4-implementation/dev-story/workflow.yaml","0e7a654791dd939458df2df4c89f745f1adc1dd0582bc7172094a8560b3ff262"
"yaml","workflow","bmm","bmad/bmm/workflows/4-implementation/retrospective/workflow.yaml","f9ccda4e0e7728797ce021f5ae40e5d5632450453471d932a8b7577c600f9434"
"yaml","workflow","bmm","bmad/bmm/workflows/4-implementation/sprint-planning/workflow.yaml","a594814b3a0860a9cb7cc24ad9f3dcbdec990ad870e404e4f25c4cedd9abe4f0"
"yaml","workflow","bmm","bmad/bmm/workflows/bmad-quick-flow/create-tech-spec/workflow.yaml","1fc651cbd6d67d1991c60ff066428e73fece37d66b110d61fa96f4c0e44f44a5"
"yaml","workflow","bmm","bmad/bmm/workflows/bmad-quick-flow/quick-dev/workflow.yaml","ab85eb6f74a2e03743ec74ab3882a07508642b56f5c73407af374f78a3606f6e"
"yaml","workflow","bmm","bmad/bmm/workflows/diagrams/create-dataflow/workflow.yaml","58e9c6b6c99e68d166ec3491ae3299d9f662480da39b5f21afa5bf7ccc82d7ad"
"yaml","workflow","bmm","bmad/bmm/workflows/diagrams/create-diagram/workflow.yaml","4ae7bb7fe57d40ef357ff74732ac672e2094691ae5f4a67515bf37c504604c4a"
"yaml","workflow","bmm","bmad/bmm/workflows/diagrams/create-flowchart/workflow.yaml","fde7e2dc8920839f0ad7012520fcbabf4fda004c38de546d891a987a29694e57"
"yaml","workflow","bmm","bmad/bmm/workflows/diagrams/create-wireframe/workflow.yaml","511a7d17d13c5cbc57a1d2c3f73d1a79b2952aa40242f3c6d1117901bb5c495b"
"yaml","workflow","bmm","bmad/bmm/workflows/document-project/workflow.yaml","219333bb489c0aa0b2538a4801a381502a9f581839889262f6ef102ea4d54be7"
"yaml","workflow","bmm","bmad/bmm/workflows/testarch/atdd/workflow.yaml","e0c095c8844f0a92f961e3570d5887b8a7be39a6a2e8c7c449f13eb9cf3e0fb9"
"yaml","workflow","bmm","bmad/bmm/workflows/testarch/automate/workflow.yaml","b7b3d6552f8d3e2a0d9243fca27e30ad5103e38798fadd02b6b376b3f0532aac"
"yaml","workflow","bmm","bmad/bmm/workflows/testarch/ci/workflow.yaml","d8d59916c937fef9ee5e2c454cfa0cda33e58d21b211d562a05681587b8fdde0"
"yaml","workflow","bmm","bmad/bmm/workflows/testarch/framework/workflow.yaml","2774679175fed88d0ef21be44418a26a82a5b9d1aa08c906373a638e7877d523"
"yaml","workflow","bmm","bmad/bmm/workflows/testarch/nfr-assess/workflow.yaml","dad49221c4dcb4e1fbcc118b5caae13c63a050412e402ff65b6971cfab281fe3"
"yaml","workflow","bmm","bmad/bmm/workflows/testarch/test-design/workflow.yaml","494d12c966022969c74caeb336e80bb0fce05f0bb4f83581ab7111e9f6f0596d"
"yaml","workflow","bmm","bmad/bmm/workflows/testarch/test-review/workflow.yaml","c5e272f9969b704aa56b83a22f727fa2188490d7f6e347bc65966e0513eefa96"
"yaml","workflow","bmm","bmad/bmm/workflows/testarch/trace/workflow.yaml","841eec77aba6490ba5672ac2c01ce570c38011e94574d870e8ba15bba78509f4"
"yaml","workflow","bmm","bmad/bmm/workflows/workflow-status/init/workflow.yaml","3f54117211a421790df59c6c0a15d6ba6be33a001489d013870f939aaa649436"
"yaml","workflow","bmm","bmad/bmm/workflows/workflow-status/workflow.yaml","6a1ad67ec954660fd8e7433b55ab3b75e768f7efa33aad36cf98cdbc2ef6575b"
"yaml","workflow-status-template","bmm","bmad/bmm/workflows/workflow-status/workflow-status-template.yaml","0ec9c95f1690b7b7786ffb4ab10663c93b775647ad58e283805092e1e830a0d9"
"csv","default-party","cis","bmad/cis/teams/default-party.csv","464310e738ec38cf8114552e8274f6c517a17db0e0b176d494ab50154ba982d5"
"csv","design-methods","cis","bmad/cis/workflows/design-thinking/design-methods.csv","6735e9777620398e35b7b8ccb21e9263d9164241c3b9973eb76f5112fb3a8fc9"
"csv","innovation-frameworks","cis","bmad/cis/workflows/innovation-strategy/innovation-frameworks.csv","9a14473b1d667467172d8d161e91829c174e476a030a983f12ec6af249c4e42f"
"csv","solving-methods","cis","bmad/cis/workflows/problem-solving/solving-methods.csv","aa15c3a862523f20c199600d8d4d0a23fce1001010d7efc29a71abe537d42995"
"csv","story-types","cis","bmad/cis/workflows/storytelling/story-types.csv","ec5a3c713617bf7e2cf7db439303dd8f3363daa2f6db20a350c82260ade88bdb"
"md","brainstorming-coach","cis","bmad/cis/agents/brainstorming-coach.md","941f9630fbdea2e74e423f903d91ac85dbaa9c22643cafb6b738f161b0e4c6e0"
"md","creative-problem-solver","cis","bmad/cis/agents/creative-problem-solver.md","f3301db9fdc2b9d932f98c365e2e7287c5672ec0a6fb0cffee7c00b595ac0855"
"md","design-thinking-coach","cis","bmad/cis/agents/design-thinking-coach.md","cc1e157dc9d74a5e19d1ab762fe2e31fdda23dd39f9fd4e25354a6935a55ff80"
"md","innovation-strategist","cis","bmad/cis/agents/innovation-strategist.md","0d3e58b47bd82208ad19e320d2db2cf6488d366f7141aba4afe17cb0b4f473a3"
"md","instructions","cis","bmad/cis/workflows/design-thinking/instructions.md","66bbb5592905fbc0c53672fe3a080c29974cf90b5773ac36f482be283b143806"
"md","instructions","cis","bmad/cis/workflows/innovation-strategy/instructions.md","45640898f0f8462a70b0148c80dbd7b3b74a0f1ae467838b06e9193dcd517914"
"md","instructions","cis","bmad/cis/workflows/problem-solving/instructions.md","41350fd95944081d62b33b9cc228be5813fea94144ea380e95ef15456663e7ac"
"md","instructions","cis","bmad/cis/workflows/storytelling/instructions.md","8723399bd0ae47a7325c975aac93d65e681cb3a5e0a88df12dd8aed969ee2f46"
"md","presentation-master","cis","bmad/cis/agents/presentation-master.md","9768cc4598686f4a3c46328006f970598f51fe7a29b5472be69bf129007bcb9a"
"md","README","cis","bmad/cis/README.md","aa493c5bc9b1f5db0c46e8ece9c5d9d10b5d1d4d0d3ea0c102b002df62d4eac8"
"md","README","cis","bmad/cis/agents/README.md","13c7133a99e25539b816d09f85f7bec1244f005ae085473897dccf3eaed58414"
"md","README","cis","bmad/cis/workflows/README.md","013f3bf86267a29506aebc3c58826316381295476030d0a6a29f4cc90c91174e"
"md","README","cis","bmad/cis/workflows/design-thinking/README.md","0a38f88352dc4674f6e1f55a67ffebf403bf329c874a21a49ce7834c08f91f62"
"md","README","cis","bmad/cis/workflows/innovation-strategy/README.md","820a9e734fadf2cfac94d499cec2e4b41a54d054c0d2f6b9819da319beee4fb9"
"md","README","cis","bmad/cis/workflows/problem-solving/README.md","a5e75b9899751d7aabffcf65785f10d4d2e0455f8c7c541e8a143e3babceca8b"
"md","README","cis","bmad/cis/workflows/storytelling/README.md","1bad4223dce51cb5a7ab8c116467f78037a4583d3a840210ee2f160ad15b71ee"
"md","storyteller","cis","bmad/cis/agents/storyteller.md","1c4e3d593de48afbb3f09fcdbab7b1c04ff2507e37f8218a2eb0e101c9804492"
"md","template","cis","bmad/cis/workflows/design-thinking/template.md","7834c387ac0412c841b49a9fcdd8043f5ce053e5cb26993548cf4d31b561f6f0"
"md","template","cis","bmad/cis/workflows/innovation-strategy/template.md","e59bd789df87130bde034586d3e68bf1847c074f63d839945e0c29b1d0c85c82"
"md","template","cis","bmad/cis/workflows/problem-solving/template.md","6c9efd7ac7b10010bd9911db16c2fbdca01fb0c306d871fa6381eef700b45608"
"md","template","cis","bmad/cis/workflows/storytelling/template.md","461981aa772ef2df238070cbec90fc40995df2a71a8c22225b90c91afed57452"
"yaml","brainstorming-coach.agent","cis","bmad/cis/agents/brainstorming-coach.agent.yaml",""
"yaml","config","cis","bmad/cis/config.yaml","ee7c447ea6eac5386f89cf83d97e8c0eccd4be36e4fffb4eb0d73aa683d0d0bf"
"yaml","creative-problem-solver.agent","cis","bmad/cis/agents/creative-problem-solver.agent.yaml",""
"yaml","creative-squad","cis","bmad/cis/teams/creative-squad.yaml","25407cf0ebdf5b10884cd03c86068e04715ef270ada93a3b64cb9907b62c71cf"
"yaml","design-thinking-coach.agent","cis","bmad/cis/agents/design-thinking-coach.agent.yaml",""
"yaml","innovation-strategist.agent","cis","bmad/cis/agents/innovation-strategist.agent.yaml",""
"yaml","presentation-master.agent","cis","bmad/cis/agents/presentation-master.agent.yaml",""
"yaml","storyteller.agent","cis","bmad/cis/agents/storyteller.agent.yaml",""
"yaml","workflow","cis","bmad/cis/workflows/design-thinking/workflow.yaml","7c479a604858c0b0de222085fa2fa36e5005c6300c518a834f52aa14d2fcc60e"
"yaml","workflow","cis","bmad/cis/workflows/innovation-strategy/workflow.yaml","27a18c616d89601c6578113d77cc911e4d7e8a175f953c2a02e07df404a73dae"
"yaml","workflow","cis","bmad/cis/workflows/problem-solving/workflow.yaml","119a49f40b6cca16b5e2738bdb7cae211d950e249ccd9c42c6bebaf1a4166516"
"yaml","workflow","cis","bmad/cis/workflows/storytelling/workflow.yaml","22b7d33b6625fc601992b7a9b690e232f834c1aa4a1039a511c302b999ea4b80"
"csv","advanced-elicitation-methods","core","bmad/core/tasks/advanced-elicitation-methods.csv","e08b2e22fec700274982e37be608d6c3d1d4d0c04fa0bae05aa9dba2454e6141"
"csv","brain-methods","core","bmad/core/workflows/brainstorming/brain-methods.csv","0ab5878b1dbc9e3fa98cb72abfc3920a586b9e2b42609211bb0516eefd542039"
"md","bmad-master","core","bmad/core/agents/bmad-master.md","aa5aa9700f2222e21857012d6cbf16fb462c3e377cd3899cb505e938c44cac26"
"md","excalidraw-helpers","core","bmad/core/resources/excalidraw/excalidraw-helpers.md","37f18fa0bd15f85a33e7526a2cbfe1d5a9404f8bcb8febc79b782361ef790de4"
"md","library-loader","core","bmad/core/resources/excalidraw/library-loader.md","7c9637a8467718035257bcc7a8733c31d59dc7396b48b60200913731a17cb666"
"md","README","core","bmad/core/resources/excalidraw/README.md","a188224350e2400410eb52b7d7a36b1ee39d2ea13be1b58b231845f6bc37f21b"
"md","step-01-agent-loading","core","bmad/core/workflows/party-mode/steps/step-01-agent-loading.md","67fea74140f85bfcd0d26c202fa6fdc146861cf0a68405a8b15c971dddcaa20f"
"md","step-01-session-setup","core","bmad/core/workflows/brainstorming/steps/step-01-session-setup.md","62f485402f8b9ded853215ebcd11b9a34b67b5947a3faa769b606cc37f977e1e"
"md","step-01b-continue","core","bmad/core/workflows/brainstorming/steps/step-01b-continue.md","9d531b012f85a2a7c3ddd94a2adeb8189eab24c370d099dbabb1bd6e33b3a9cb"
"md","step-02-discussion-orchestration","core","bmad/core/workflows/party-mode/steps/step-02-discussion-orchestration.md","1f0a6ca96139f522cc26ce6fdf78b4f94297201a53f06c30fb30e65717957cfb"
"md","step-02a-user-selected","core","bmad/core/workflows/brainstorming/steps/step-02a-user-selected.md","24158414bfe6daa46c94e6e43a9ec3a8d9a6dfe1b2a5bd8b719d06c775dcc73d"
"md","step-02b-ai-recommended","core","bmad/core/workflows/brainstorming/steps/step-02b-ai-recommended.md","68774e344cdcffbbd8fd9c5bec5bbe4cfd5297eb9734fc542606831becc38441"
"md","step-02c-random-selection","core","bmad/core/workflows/brainstorming/steps/step-02c-random-selection.md","24b54de6ed3a3b0b87a23a28a69a5fa73e8bf9fb80353fb12db8258c1e29ac95"
"md","step-02d-progressive-flow","core","bmad/core/workflows/brainstorming/steps/step-02d-progressive-flow.md","34b53545f18cd26db8bff81072e1c6b38efe031969e72d79c7efa2814f3b9073"
"md","step-03-graceful-exit","core","bmad/core/workflows/party-mode/steps/step-03-graceful-exit.md","cea36ccba0c4a9167508b01a3a27e464b81029e17a14eea95100cbc7e5eddb8a"
"md","step-03-technique-execution","core","bmad/core/workflows/brainstorming/steps/step-03-technique-execution.md","a0f7ef0d58ccf21c1e10b9ab221f8dbcc8ddc0c09b322da3863996e8731b6409"
"md","step-04-idea-organization","core","bmad/core/workflows/brainstorming/steps/step-04-idea-organization.md","2a7f516d0e598ec3462795b1e5fe2bf2f3745276ca6ae609eed5562bacf46b0d"
"md","template","core","bmad/core/workflows/brainstorming/template.md","5c99d76963eb5fc21db96c5a68f39711dca7c6ed30e4f7d22aedee9e8bb964f9"
"md","validate-json-instructions","core","bmad/core/resources/excalidraw/validate-json-instructions.md","0970bac93d52b4ee591a11998a02d5682e914649a40725d623489c77f7a1e449"
"md","workflow","core","bmad/core/workflows/brainstorming/workflow.md","2e2a6e6e7ea3935e818389e4f7d8e204c81834a283ebd4cd89907b135105e715"
"md","workflow","core","bmad/core/workflows/party-mode/workflow.md","fcd4cda697fc181c47dbfd0139e939aae131a74a822c73ae70338a824e9439b3"
"xml","advanced-elicitation","core","bmad/core/tasks/advanced-elicitation.xml","3226423d2af0ee054ceb44b0f61be901dae5c0df91b0d30639fe683b12e052da"
"xml","bmad-web-orchestrator.agent","core","bmad/core/agents/bmad-web-orchestrator.agent.xml","ac556cdfe0b1bcf3eeffe9672b80e17d0df22e3e172de78e4b4899fbfd7760aa"
"xml","index-docs","core","bmad/core/tasks/index-docs.xml","c6a9d79628fd1246ef29e296438b238d21c68f50eadb16219ac9d6200cf03628"
"xml","shard-doc","core","bmad/core/tools/shard-doc.xml","a0ddae908e440be3f3f40a96f7b288bcbf9fa3f8dc45d22814a957e807d2bedc"
"xml","validate-workflow","core","bmad/core/tasks/validate-workflow.xml","63580411c759ee317e58da8bda6ceba27dbf9d3742f39c5c705afcd27361a9ee"
"xml","workflow","core","bmad/core/tasks/workflow.xml","7035538997058b22e30785bf81db2fc3519dce8c9e20f27def0d8f6d4e82673e"
"yaml","bmad-master.agent","core","bmad/core/agents/bmad-master.agent.yaml",""
"yaml","config","core","bmad/core/config.yaml","e333e6609a9137059a5a4a5aca67aa3eca511c5b3dc015814723a2ebd15f1220"
